time,id,score_val,score_max,score_min,score_avg,score_std,sentence
1,joy_8,0.5,0.5,0.5,0.5,0,0
2,joy_8,0.5,0.5,0.5,0.5,0,0
3,joy_8,0.5,0.5,0.5,0.5,0,0
4,joy_8,0.5,0.5,0.5,0.5,0,0
5,joy_8,0.5,0.5,0.5,0.5,0,0
6,joy_8,0.5,0.5,0.5,0.5,0,0
7,joy_8,0.5,0.5,0.5,0.5,0,0
8,joy_8,0.5,0.5,0.5,0.5,0,0
9,joy_8,0.5,0.5,0.5,0.5,0,0
10,joy_8,0.5,0.5,0.5,0.5,0,0
11,joy_8,0.5,0.5,0.5,0.5,0,0
12,joy_8,0.5,0.5,0.5,0.5,0,0
13,joy_8,0.5,0.5,0.5,0.5,0,0
14,joy_8,0.5,0.5,0.5,0.5,0,0
15,joy_8,0.5,0.5,0.5,0.5,0,0
16,joy_8,0.5,0.5,0.5,0.5,0,0
17,joy_8,0.5,0.5,0.5,0.5,0,0
18,joy_8,0.5,0.5,0.5,0.5,0,0
19,joy_8,0.5,0.5,0.5,0.5,0,0
20,joy_8,0.5,0.5,0.5,0.5,0,0
21,joy_8,0.5,0.5,0.5,0.5,0,0
22,joy_8,0.5,0.5,0.5,0.5,0,0
23,joy_8,0.5,0.5,0.5,0.5,0,0
24,joy_8,0.5,0.5,0.5,0.5,0,0
25,joy_8,0.5,0.5,0.5,0.5,0,0
26,joy_8,0.5,0.5,0.5,0.5,0,0
27,joy_8,0.5,0.5,0.5,0.5,0,0
28,joy_8,0.5,0.5,0.5,0.5,0,0
29,joy_8,0.5,0.5,0.5,0.5,0,0
30,joy_8,0.5,0.5,0.5,0.5,0,0
31,joy_8,0.5,0.5,0.5,0.5,0,0
32,joy_8,0.5,0.5,0.5,0.5,0,0
33,joy_8,0.5,0.5,0.5,0.5,0,0
34,joy_8,0.5,0.5,0.5,0.5,0,0
35,joy_8,0.5,0.5,0.5,0.5,0,0
36,joy_8,0.5,0.5,0.5,0.5,0,0
37,joy_8,0.5,0.5,0.5,0.5,0,0
38,joy_8,0.5,0.5,0.5,0.5,0,0
39,joy_8,0.5,0.5,0.5,0.5,0,0
40,joy_8,0.5,0.5,0.5,0.5,0,0
41,joy_8,0.5,0.5,0.5,0.5,0,0
42,joy_8,0.5,0.5,0.5,0.5,0,0
43,joy_8,0.5,0.5,0.5,0.5,0,0
44,joy_8,0.5,0.5,0.5,0.5,0,0
45,joy_8,0.5,0.5,0.5,0.5,0,0
46,joy_8,0.5,0.5,0.5,0.5,0,0
47,joy_8,0.5,0.5,0.5,0.5,0,0
48,joy_8,0.5,0.5,0.5,0.5,0,0
49,joy_8,0.5,0.5,0.5,0.5,0,0
50,joy_8,0.5,0.5,0.5,0.5,0,0
51,joy_8,0.5,0.5,0.5,0.5,0,0
52,joy_8,0.5,0.5,0.5,0.5,0,0
53,joy_8,0.5,0.5,0.5,0.5,0,0
54,joy_8,0.5,0.5,0.5,0.5,0,0
55,joy_8,0.5,0.5,0.5,0.5,0,0
56,joy_8,0.5,0.5,0.5,0.5,0,0
57,joy_8,0.5,0.5,0.5,0.5,0,0
58,joy_8,0.5,0.5,0.5,0.5,0,0
59,joy_8,0.5,0.5,0.5,0.5,0,0
60,joy_8,0.5,0.5,0.5,0.5,0,0
61,joy_8,0.5,0.5,0.5,0.5,0,0
62,joy_8,0.5,0.5,0.5,0.5,0,0
63,joy_8,0.5,0.5,0.5,0.5,0,0
64,joy_8,0.5,0.5,0.5,0.5,0,0
65,joy_8,0.5,0.5,0.5,0.5,0,0
66,joy_8,0.5,0.5,0.5,0.5,0,0
67,joy_8,0.5,0.5,0.5,0.5,0,0
68,joy_8,0.5,0.5,0.5,0.5,0,0
69,joy_8,0.5,0.5,0.5,0.5,0,0
70,joy_8,0.5,0.5,0.5,0.5,0,0
71,joy_8,0.5,0.5,0.5,0.5,0,0
72,joy_8,0.5,0.5,0.5,0.5,0,0
73,joy_8,0.5,0.5,0.5,0.5,0,0
74,joy_8,0.5,0.5,0.5,0.5,0,0
75,joy_8,0.5,0.5,0.5,0.5,0,0
76,joy_8,0.5,0.5,0.5,0.5,0,0
77,joy_8,0.5,0.5,0.5,0.5,0,0
78,joy_8,0.5,0.5,0.5,0.5,0,0
79,joy_8,0.5,0.5,0.5,0.5,0,0
80,joy_8,0.5,0.5,0.5,0.5,0,0
81,joy_8,0.5,0.5,0.5,0.5,0,0
82,joy_8,0.5,0.5,0.5,0.5,0,0
83,joy_8,0.5,0.5,0.5,0.5,0,0
84,joy_8,0.5,0.5,0.5,0.5,0,0
85,joy_8,0.5,0.5,0.5,0.5,0,0
86,joy_8,0.5,0.5,0.5,0.5,0,0
87,joy_8,0.5,0.5,0.5,0.5,0,0
88,joy_8,0.5,0.5,0.5,0.5,0,0
89,joy_8,0.5,0.5,0.5,0.5,0,0
90,joy_8,0.5,0.5,0.5,0.5,0,0
91,joy_8,0.5,0.5,0.5,0.5,0,0
92,joy_8,0.5,0.5,0.5,0.5,0,0
93,joy_8,0.5,0.5,0.5,0.5,0,0
94,joy_8,0.5,0.5,0.5,0.5,0,0
95,joy_8,0.5,0.5,0.5,0.5,0,0
96,joy_8,0.5,0.5,0.5,0.5,0,0
97,joy_8,0.5,0.5,0.5,0.5,0,0
98,joy_8,0.5,0.5,0.5,0.5,0,0
99,joy_8,0.5,0.5,0.5,0.5,0,0
100,joy_8,0.5,0.5,0.5,0.5,0,0
101,joy_8,0.5,0.5,0.5,0.5,0,0
102,joy_8,0.5,0.5,0.5,0.5,0,0
103,joy_8,0.5,0.5,0.5,0.5,0,0
104,joy_8,0.5,0.5,0.5,0.5,0,0
105,joy_8,0.5,0.5,0.5,0.5,0,0
106,joy_8,0.5,0.5,0.5,0.5,0,0
107,joy_8,0.5,0.5,0.5,0.5,0,0
108,joy_8,0.5,0.5,0.5,0.5,0,0
109,joy_8,0.5,0.5,0.5,0.5,0,0
110,joy_8,0.5,0.5,0.5,0.5,0,0
111,joy_8,0.5,0.5,0.5,0.5,0,0
112,joy_8,0.5,0.5,0.5,0.5,0,0
113,joy_8,0.5,0.5,0.5,0.5,0,0
114,joy_8,0.5,0.5,0.5,0.5,0,0
115,joy_8,0.5,0.5,0.5,0.5,0,0
116,joy_8,0.5,0.5,0.5,0.5,0,0
117,joy_8,0.5,0.5,0.5,0.5,0,0
118,joy_8,0.5,0.5,0.5,0.5,0,0
119,joy_8,0.5,0.5,0.5,0.5,0,0
120,joy_8,0.5,0.5,0.5,0.5,0,0
121,joy_8,0.5,0.5,0.5,0.5,0,0
122,joy_8,0.5,0.5,0.5,0.5,0,0
123,joy_8,0.5,0.5,0.5,0.5,0,0
124,joy_8,0.5,0.5,0.5,0.5,0,0
125,joy_8,0.5,0.5,0.5,0.5,0,0
126,joy_8,0.5,0.5,0.5,0.5,0,0
127,joy_8,0.5,0.5,0.5,0.5,0,0
128,joy_8,0.5,0.5,0.5,0.5,0,0
129,joy_8,0.5,0.5,0.5,0.5,0,0
130,joy_8,0.5,0.5,0.5,0.5,0,0
131,joy_8,0.5,0.5,0.5,0.5,0,0
132,joy_8,0.5,0.5,0.5,0.5,0,0
133,joy_8,0.5,0.5,0.5,0.5,0,0
134,joy_8,0.5,0.5,0.5,0.5,0,0
135,joy_8,0.83,0.83,0.5,0.502444444,0.028401878,"I thought joy, I saw happy NIS. I saw people celebrating like it's just the type of energy that is transmitted between people when someone else is like translating a lot of positive energie. It kind of lift you up a little too. It made me feel like I wanted to be on more. I wanted to be one of those spaces. It made me feel joyful inside. I think that joy and positive emotions and happiness. They keep us going from day to day."
136,joy_8,0.5,0.83,0.5,0.502426471,0.028297267,Did you feel like this?
137,joy_8,0.16,0.83,0.16,0.499927007,0.040629176,Did you feel like this?
138,joy_8,0.16,0.83,0.16,0.497463768,0.049759445, 
139,joy_8,0.16,0.83,0.16,0.495035971,0.057248177, 
140,joy_8,0.16,0.83,0.16,0.492642857,0.063683239, 
141,joy_8,0.16,0.83,0.16,0.490283688,0.069363878, 
142,joy_8,0.16,0.83,0.16,0.487957746,0.074467745, 
143,joy_8,0.16,0.83,0.16,0.485664336,0.0791109, 
144,joy_8,0.16,0.83,0.16,0.483402778,0.08337432, 
145,joy_8,0.16,0.83,0.16,0.481172414,0.087317297, 
146,joy_8,0.16,0.83,0.16,0.478972603,0.090984875, 
147,joy_8,0.16,0.83,0.16,0.476802721,0.094412287, 
148,joy_8,0.16,0.83,0.16,0.474662162,0.09762775, 
149,joy_8,0.16,0.83,0.16,0.472550336,0.100654308, 
150,joy_8,0.16,0.83,0.16,0.470466667,0.103511091, 
151,joy_8,0.16,0.83,0.16,0.468410596,0.106214203, 
152,joy_8,0.16,0.83,0.16,0.466381579,0.108777368, 
153,joy_8,0.16,0.83,0.16,0.464379085,0.111212398, 
154,joy_8,0.16,0.83,0.16,0.462402597,0.11352956, 
155,joy_8,0.16,0.83,0.16,0.460451613,0.115737847, 
156,joy_8,0.16,0.83,0.16,0.458525641,0.117845194, 
157,joy_8,0.16,0.83,0.16,0.456624204,0.119858646, 
158,joy_8,0.16,0.83,0.16,0.454746835,0.121784499, 
159,joy_8,0.16,0.83,0.16,0.452893082,0.123628404, 
160,joy_8,0.16,0.83,0.16,0.4510625,0.125395459, 
161,joy_8,0.16,0.83,0.16,0.449254658,0.127090287, 
1,annoy_6,0.5,0.5,0.5,0.5,0,0
2,annoy_6,0.5,0.5,0.5,0.5,0,0
3,annoy_6,0.5,0.5,0.5,0.5,0,0
4,annoy_6,0.5,0.5,0.5,0.5,0,0
5,annoy_6,0.5,0.5,0.5,0.5,0,0
6,annoy_6,0.5,0.5,0.5,0.5,0,0
7,annoy_6,0.5,0.5,0.5,0.5,0,0
8,annoy_6,0.5,0.5,0.5,0.5,0,0
9,annoy_6,0.5,0.5,0.5,0.5,0,0
10,annoy_6,0.5,0.5,0.5,0.5,0,0
11,annoy_6,0.5,0.5,0.5,0.5,0,0
12,annoy_6,0.5,0.5,0.5,0.5,0,0
13,annoy_6,0.5,0.5,0.5,0.5,0,0
14,annoy_6,0.5,0.5,0.5,0.5,0,0
15,annoy_6,0.5,0.5,0.5,0.5,0,0
16,annoy_6,0.5,0.5,0.5,0.5,0,0
17,annoy_6,0.5,0.5,0.5,0.5,0,0
18,annoy_6,0.5,0.5,0.5,0.5,0,0
19,annoy_6,0.5,0.5,0.5,0.5,0,0
20,annoy_6,0.5,0.5,0.5,0.5,0,0
21,annoy_6,0.5,0.5,0.5,0.5,0,0
22,annoy_6,0.5,0.5,0.5,0.5,0,0
23,annoy_6,0.5,0.5,0.5,0.5,0,0
24,annoy_6,0.5,0.5,0.5,0.5,0,0
25,annoy_6,0.5,0.5,0.5,0.5,0,0
26,annoy_6,0.5,0.5,0.5,0.5,0,0
27,annoy_6,0.5,0.5,0.5,0.5,0,0
28,annoy_6,0.5,0.5,0.5,0.5,0,0
29,annoy_6,0.5,0.5,0.5,0.5,0,0
30,annoy_6,0.5,0.5,0.5,0.5,0,0
31,annoy_6,0.5,0.5,0.5,0.5,0,0
32,annoy_6,0.16,0.5,0.16,0.489375,0.060104076,"Hey Ferrari, how 'bout you tell everybody how bad as being an NBA 3 times to stop being alone, and Detroit Pistons, Detroit Pistons, who are you have the Miami Heat Detroit Pittsburgh. Miami heats and I'll be back for you. If you would just win this would happen, you freaking sore loser, you Lewiston ME anybody home."
33,annoy_6,0.5,0.5,0.16,0.48969697,0.059186403,I'm going to tell her who thought was 'cause that's my fault that you can't control your anger now. I don't need you. I repeat you. You freaking suck at that game and it's obvious this Ella Bron going up.
34,annoy_6,0.5,0.5,0.16,0.49,0.058309519,I'm going to tell her who thought was 'cause that's my fault that you can't control your anger now. I don't need you. I repeat you. You freaking suck at that game and it's obvious this Ella Bron going up.
35,annoy_6,0.5,0.5,0.16,0.490285714,0.057470489,I'm going to tell her who thought was 'cause that's my fault that you can't control your anger now. I don't need you. I repeat you. You freaking suck at that game and it's obvious this Ella Bron going up.
36,annoy_6,0.5,0.5,0.16,0.490555556,0.056666667,I'm going to tell her who thought was 'cause that's my fault that you can't control your anger now. I don't need you. I repeat you. You freaking suck at that game and it's obvious this Ella Bron going up.
37,annoy_6,0.5,0.5,0.16,0.490810811,0.055895656,I'm going to tell her who thought was 'cause that's my fault that you can't control your anger now. I don't need you. I repeat you. You freaking suck at that game and it's obvious this Ella Bron going up.
38,annoy_6,0.5,0.5,0.16,0.491052632,0.055155283,I'm going to tell her who thought was 'cause that's my fault that you can't control your anger now. I don't need you. I repeat you. You freaking suck at that game and it's obvious this Ella Bron going up.
39,annoy_6,0.5,0.5,0.16,0.491282051,0.054443572,I'm going to tell her who thought was 'cause that's my fault that you can't control your anger now. I don't need you. I repeat you. You freaking suck at that game and it's obvious this Ella Bron going up.
40,annoy_6,0.5,0.5,0.16,0.4915,0.05375872,I'm going to tell her who thought was 'cause that's my fault that you can't control your anger now. I don't need you. I repeat you. You freaking suck at that game and it's obvious this Ella Bron going up.
41,annoy_6,0.5,0.5,0.16,0.491707317,0.053099079,I'm going to tell her who thought was 'cause that's my fault that you can't control your anger now. I don't need you. I repeat you. You freaking suck at that game and it's obvious this Ella Bron going up.
42,annoy_6,0.5,0.5,0.16,0.491904762,0.052463139,I'm going to tell her who thought was 'cause that's my fault that you can't control your anger now. I don't need you. I repeat you. You freaking suck at that game and it's obvious this Ella Bron going up.
43,annoy_6,0.5,0.5,0.16,0.492093023,0.051849514,I'm going to tell her who thought was 'cause that's my fault that you can't control your anger now. I don't need you. I repeat you. You freaking suck at that game and it's obvious this Ella Bron going up.
44,annoy_6,0.5,0.5,0.16,0.492272727,0.051256929,I'm going to tell her who thought was 'cause that's my fault that you can't control your anger now. I don't need you. I repeat you. You freaking suck at that game and it's obvious this Ella Bron going up.
45,annoy_6,0.5,0.5,0.16,0.492444444,0.050684207,I'm going to tell her who thought was 'cause that's my fault that you can't control your anger now. I don't need you. I repeat you. You freaking suck at that game and it's obvious this Ella Bron going up.
46,annoy_6,0.5,0.5,0.16,0.492608696,0.050130265,I'm going to tell her who thought was 'cause that's my fault that you can't control your anger now. I don't need you. I repeat you. You freaking suck at that game and it's obvious this Ella Bron going up.
47,annoy_6,0.11,0.5,0.11,0.484468085,0.074653067,I'm going to tell her who thought was 'cause that's my fault that you can't control your anger now. I don't need you. I repeat you. You freaking suck at that game and it's obvious this Ella Bron going up.
48,annoy_6,0.11,0.5,0.11,0.476666667,0.09151987, 
1,joy_2,0.5,0.5,0.5,0.5,0,0
2,joy_2,0.5,0.5,0.5,0.5,0,0
3,joy_2,0.5,0.5,0.5,0.5,0,0
4,joy_2,0.5,0.5,0.5,0.5,0,0
5,joy_2,0.5,0.5,0.5,0.5,0,0
6,joy_2,0.5,0.5,0.5,0.5,0,0
7,joy_2,0.5,0.5,0.5,0.5,0,0
8,joy_2,0.5,0.5,0.5,0.5,0,0
9,joy_2,0.5,0.5,0.5,0.5,0,0
10,joy_2,0.5,0.5,0.5,0.5,0,0
11,joy_2,0.5,0.5,0.5,0.5,0,0
12,joy_2,0.5,0.5,0.5,0.5,0,The gap here.
1,sad_4,0.5,0.5,0.5,0.5,0,0
2,sad_4,0.5,0.5,0.5,0.5,0,0
3,sad_4,0.5,0.5,0.5,0.5,0,0
4,sad_4,0.5,0.5,0.5,0.5,0,0
5,sad_4,0.5,0.5,0.5,0.5,0,0
6,sad_4,0.5,0.5,0.5,0.5,0,0
7,sad_4,0.5,0.5,0.5,0.5,0,0
8,sad_4,0.5,0.5,0.5,0.5,0,0
9,sad_4,0.5,0.5,0.5,0.5,0,0
10,sad_4,0.5,0.5,0.5,0.5,0,0
11,sad_4,0.5,0.5,0.5,0.5,0,"And in the last 12 years we bought it 4 days before it was about to be closed down, we got it on October 27th 2000."
12,sad_4,0.5,0.5,0.5,0.5,0,So you own is at that time were about to walk out.
13,sad_4,0.5,0.5,0.5,0.5,0,So you own is at that time were about to walk out.
14,sad_4,0.5,0.5,0.5,0.5,0,So you own is at that time were about to walk out.
15,sad_4,0.27,0.5,0.27,0.484666667,0.059385745,So you own is at that time were about to walk out.
16,sad_4,0.5,0.5,0.27,0.485625,0.0575,"On October 31st if nobody bought it and we bought it, we've got a life blood sweat and tears into this place."
17,sad_4,0.5,0.5,0.27,0.486470588,0.055783194,"On October 31st if nobody bought it and we bought it, we've got a life blood sweat and tears into this place."
18,sad_4,0.5,0.5,0.27,0.487222222,0.05421152,"On October 31st if nobody bought it and we bought it, we've got a life blood sweat and tears into this place."
19,sad_4,0.5,0.5,0.27,0.487894737,0.052765619,"On October 31st if nobody bought it and we bought it, we've got a life blood sweat and tears into this place."
20,sad_4,0.5,0.5,0.27,0.4885,0.051429563,"On October 31st if nobody bought it and we bought it, we've got a life blood sweat and tears into this place."
21,sad_4,0.5,0.5,0.27,0.489047619,0.050190115,"On October 31st if nobody bought it and we bought it, we've got a life blood sweat and tears into this place."
22,sad_4,0.78,0.78,0.27,0.502272727,0.079037774,"On October 31st if nobody bought it and we bought it, we've got a life blood sweat and tears into this place."
23,sad_4,0.5,0.78,0.27,0.502173913,0.077222025,To make it a nice place for our customers to come.
24,sad_4,0.5,0.78,0.27,0.502083333,0.075525934,To make it a nice place for our customers to come.
25,sad_4,0.95,0.95,0.27,0.52,0.116153634,To make it a nice place for our customers to come.
26,sad_4,0.95,0.95,0.27,0.536538462,0.14164582, 
27,sad_4,0.95,0.95,0.27,0.551851852,0.160072989, 
28,sad_4,0.95,0.95,0.27,0.566071429,0.174171888, 
29,sad_4,0.95,0.95,0.27,0.579310345,0.185297657, 
30,sad_4,0.95,0.95,0.27,0.591666667,0.194246259, 
1,Anger_3,0.5,0.5,0.5,0.5,0,0
2,Anger_3,0.5,0.5,0.5,0.5,0,0
3,Anger_3,0.5,0.5,0.5,0.5,0,0
4,Anger_3,0.5,0.5,0.5,0.5,0,0
5,Anger_3,0.5,0.5,0.5,0.5,0,0
6,Anger_3,0.1,0.5,0.1,0.433333333,0.163299316,Anger hostility towards the opposition.
7,Anger_3,0.5,0.5,0.1,0.442857143,0.151185789,Anger hostility towards the opposition.
8,Anger_3,0.5,0.5,0.1,0.45,0.141421356,Anger hostility towards the opposition.
9,Anger_3,0.1,0.5,0.1,0.411111111,0.176383421,Anger hostility towards the opposition.
10,Anger_3,0.5,0.5,0.1,0.42,0.168654809,Anger hostility towards the opposition.
11,Anger_3,0.5,0.5,0.1,0.427272727,0.161807967,Anger hostility towards the opposition.
12,Anger_3,0.1,0.5,0.1,0.4,0.180906807,Anger hostility towards the opposition.
13,Anger_3,0.5,0.5,0.1,0.407692308,0.175411604,Anger hostility towards the opposition.
14,Anger_3,0.5,0.5,0.1,0.414285714,0.170326125,Anger hostility towards the opposition.
15,Anger_3,0.1,0.5,0.1,0.393333333,0.183095083,Anger hostility towards the opposition.
16,Anger_3,0.5,0.5,0.1,0.4,0.178885438,Anger hostility towards the opposition anger hostility towards the opposition anger hostility towards the opposition anger towards the opposition.
17,Anger_3,0.5,0.5,0.1,0.405882353,0.174894926,Anger hostility towards the opposition anger hostility towards the opposition anger hostility towards the opposition anger towards the opposition.
18,Anger_3,0.5,0.5,0.1,0.411111111,0.171117053,Anger hostility towards the opposition anger hostility towards the opposition anger hostility towards the opposition anger towards the opposition.
19,Anger_3,0.5,0.5,0.1,0.415789474,0.167541563,Anger hostility towards the opposition anger hostility towards the opposition anger hostility towards the opposition anger towards the opposition.
20,Anger_3,0.5,0.5,0.1,0.42,0.164156536,Anger hostility towards the opposition anger hostility towards the opposition anger hostility towards the opposition anger towards the opposition.
21,Anger_3,0.5,0.5,0.1,0.423809524,0.160949563,Anger hostility towards the opposition anger hostility towards the opposition anger hostility towards the opposition anger towards the opposition.
22,Anger_3,0.5,0.5,0.1,0.427272727,0.157908407,Anger hostility towards the opposition anger hostility towards the opposition anger hostility towards the opposition anger towards the opposition.
23,Anger_3,0.5,0.5,0.1,0.430434783,0.155021355,Anger hostility towards the opposition anger hostility towards the opposition anger hostility towards the opposition anger towards the opposition.
24,Anger_3,0.5,0.5,0.1,0.433333333,0.152277398,Anger hostility towards the opposition anger hostility towards the opposition anger hostility towards the opposition anger towards the opposition.
25,Anger_3,0.5,0.5,0.1,0.436,0.149666295,Anger hostility towards the opposition anger hostility towards the opposition anger hostility towards the opposition anger towards the opposition.
26,Anger_3,0.5,0.5,0.1,0.438461538,0.147178594,Anger hostility towards the opposition anger hostility towards the opposition anger hostility towards the opposition anger towards the opposition.
27,Anger_3,0.08,0.5,0.08,0.425185185,0.159960821,Anger hostility towards the opposition anger hostility towards the opposition anger hostility towards the opposition anger towards the opposition.
28,Anger_3,0.08,0.5,0.08,0.412857143,0.169985994, 
29,Anger_3,0.08,0.5,0.08,0.40137931,0.17799928, 
30,Anger_3,0.08,0.5,0.08,0.390666667,0.184483124, 
31,Anger_3,0.08,0.5,0.08,0.380645161,0.18977066, 
32,Anger_3,0.08,0.5,0.08,0.37125,0.194102567, 
33,Anger_3,0.08,0.5,0.08,0.362424242,0.197658644, 
34,Anger_3,0.08,0.5,0.08,0.354117647,0.200576709, 
35,Anger_3,0.08,0.5,0.08,0.346285714,0.202964583, 
36,Anger_3,0.08,0.5,0.08,0.338888889,0.204908032, 
37,Anger_3,0.08,0.5,0.08,0.331891892,0.206476227, 
38,Anger_3,0.08,0.5,0.08,0.325263158,0.20772561, 
39,Anger_3,0.08,0.5,0.08,0.318974359,0.208702696, 
40,Anger_3,0.08,0.5,0.08,0.313,0.209446156, 
41,Anger_3,0.08,0.5,0.08,0.307317073,0.209988385, 
42,Anger_3,0.08,0.5,0.08,0.301904762,0.210356702, 
43,Anger_3,0.08,0.5,0.08,0.296744186,0.210574282, 
44,Anger_3,0.08,0.5,0.08,0.291818182,0.210660895, 
45,Anger_3,0.08,0.5,0.08,0.287111111,0.210633484, 
46,Anger_3,0.08,0.5,0.08,0.282608696,0.210506635, 
47,Anger_3,0.08,0.5,0.08,0.278297872,0.210292955, 
48,Anger_3,0.08,0.5,0.08,0.274166667,0.210003377, 
49,Anger_3,0.08,0.5,0.08,0.270204082,0.20964742, 
50,Anger_3,0.08,0.5,0.08,0.2664,0.209233392, 
51,Anger_3,0.08,0.5,0.08,0.262745098,0.208768565, 
52,Anger_3,0.08,0.5,0.08,0.259230769,0.208259323, 
53,Anger_3,0.08,0.5,0.08,0.255849057,0.207711282, 
54,Anger_3,0.08,0.5,0.08,0.252592593,0.207129393, 
55,Anger_3,0.08,0.5,0.08,0.249454545,0.206518031, 
56,Anger_3,0.08,0.5,0.08,0.246428571,0.205881065, 
57,Anger_3,0.08,0.5,0.08,0.243508772,0.205221929, 
58,Anger_3,0.08,0.5,0.08,0.240689655,0.204543669, 
59,Anger_3,0.08,0.5,0.08,0.237966102,0.203848995, 
60,Anger_3,0.08,0.5,0.08,0.235333333,0.203140318, 
61,Anger_3,0.08,0.5,0.08,0.232786885,0.202419788, 
62,Anger_3,0.08,0.5,0.08,0.230322581,0.201689322, 
63,Anger_3,0.08,0.5,0.08,0.227936508,0.200950634, 
64,Anger_3,0.08,0.5,0.08,0.225625,0.200205252, 
65,Anger_3,0.08,0.5,0.08,0.223384615,0.199454545, 
66,Anger_3,0.08,0.5,0.08,0.221212121,0.198699736, 
67,Anger_3,0.08,0.5,0.08,0.219104478,0.197941921, 
68,Anger_3,0.08,0.5,0.08,0.217058824,0.19718208, 
69,Anger_3,0.08,0.5,0.08,0.215072464,0.19642109, 
70,Anger_3,0.08,0.5,0.08,0.213142857,0.195659738, 
71,Anger_3,0.08,0.5,0.08,0.211267606,0.194898725, 
72,Anger_3,0.08,0.5,0.08,0.209444444,0.194138682, 
73,Anger_3,0.08,0.5,0.08,0.207671233,0.193380171, 
74,Anger_3,0.08,0.5,0.08,0.205945946,0.192623694, 
75,Anger_3,0.08,0.5,0.08,0.204266667,0.191869701, 
76,Anger_3,0.08,0.5,0.08,0.202631579,0.191118591, 
77,Anger_3,0.08,0.5,0.08,0.201038961,0.190370722, 
78,Anger_3,0.08,0.5,0.08,0.199487179,0.189626409, 
79,Anger_3,0.08,0.5,0.08,0.197974684,0.188885936, 
80,Anger_3,0.08,0.5,0.08,0.1965,0.18814955, 
81,Anger_3,0.08,0.5,0.08,0.195061728,0.187417472, 
82,Anger_3,0.08,0.5,0.08,0.193658537,0.186689894, 
83,Anger_3,0.08,0.5,0.08,0.192289157,0.185966987, 
84,Anger_3,0.08,0.5,0.08,0.190952381,0.185248898, 
85,Anger_3,0.08,0.5,0.08,0.189647059,0.184535756, 
86,Anger_3,0.08,0.5,0.08,0.188372093,0.183827672, 
87,Anger_3,0.08,0.5,0.08,0.187126437,0.183124739, 
88,Anger_3,0.08,0.5,0.08,0.185909091,0.182427037, 
89,Anger_3,0.08,0.5,0.08,0.184719101,0.181734634, 
90,Anger_3,0.08,0.5,0.08,0.183555556,0.181047583, 
1,joy_7,0.5,0.5,0.5,0.5,0,0
2,joy_7,0.5,0.5,0.5,0.5,0,0
3,joy_7,0.12,0.5,0.12,0.373333333,0.219393102,Not long hair late at night.
4,joy_7,0,0.5,0,0.28,0.258714772, 
5,joy_7,0,0.5,0,0.224,0.256670996, 
6,joy_7,0,0.5,0,0.186666667,0.247116707, 
7,joy_7,0,0.5,0,0.16,0.236361305, 
8,joy_7,0,0.5,0,0.14,0.226021491, 
1,annoy_1,0.5,0.5,0.5,0.5,0,0
2,annoy_1,0.5,0.5,0.5,0.5,0,0
3,annoy_1,0.5,0.5,0.5,0.5,0,0
4,annoy_1,0.8,0.8,0.5,0.575,0.15,Here drive investigating the new object.
5,annoy_1,0.5,0.8,0.5,0.56,0.134164079,Cubix Cube.
6,annoy_1,0.5,0.8,0.5,0.55,0.122474487,Cubix Cube.
7,annoy_1,0.5,0.8,0.5,0.542857143,0.113389342,I'm going to quit doing the accent now 'cause it sounds really silly.
8,annoy_1,0.5,0.8,0.5,0.5375,0.106066017,I'm going to quit doing the accent now 'cause it sounds really silly.
9,annoy_1,0.5,0.8,0.5,0.533333333,0.1,I'm going to quit doing the accent now 'cause it sounds really silly.
10,annoy_1,0.5,0.8,0.5,0.53,0.09486833,I'm going to quit doing the accent now 'cause it sounds really silly.
11,annoy_1,0.81,0.81,0.5,0.555454545,0.123398836,I'm going to quit doing the accent now 'cause it sounds really silly.
12,annoy_1,0.5,0.81,0.5,0.550833333,0.118740231,I'm gonna show you how to?
13,annoy_1,0.5,0.81,0.5,0.546923077,0.114555999,I'm gonna show you how to?
14,annoy_1,0.5,0.81,0.5,0.543571429,0.110774,I'm gonna show you how to?
15,annoy_1,0.5,0.81,0.5,0.540666667,0.107335699,I'm gonna show you how to?
16,annoy_1,0.82,0.82,0.5,0.558125,0.125018332,I'm gonna show you how to?
17,annoy_1,0.5,0.82,0.5,0.554705882,0.12186661,Not solve one of these.
18,annoy_1,0.5,0.82,0.5,0.551666667,0.118929045,Not solve one of these.
19,annoy_1,0.5,0.82,0.5,0.548947368,0.116184467,Not solve one of these.
20,annoy_1,0.83,0.83,0.5,0.563,0.129375016,Not solve one of these.
21,annoy_1,0.5,0.83,0.5,0.56,0.126846364,I think my roommate why would you make it like they making paper 100 French created going up.
22,annoy_1,0.5,0.83,0.5,0.557272727,0.124448567,I think my roommate why would you make it like they making paper 100 French created going up.
23,annoy_1,0.5,0.83,0.5,0.554782609,0.122172366,I think my roommate why would you make it like they making paper 100 French created going up.
24,annoy_1,0.5,0.83,0.5,0.5525,0.120009058,I think my roommate why would you make it like they making paper 100 French created going up.
25,annoy_1,0.5,0.83,0.5,0.5504,0.117950555,I think my roommate why would you make it like they making paper 100 French created going up.
26,annoy_1,0.5,0.83,0.5,0.548461538,0.115989389,I think my roommate why would you make it like they making paper 100 French created going up.
27,annoy_1,0.5,0.83,0.5,0.546666667,0.114118697,I think my roommate why would you make it like they making paper 100 French created going up.
28,annoy_1,0.5,0.83,0.5,0.545,0.112332179,I think my roommate why would you make it like they making paper 100 French created going up.
29,annoy_1,0.76,0.83,0.5,0.552413793,0.117310795,I think my roommate why would you make it like they making paper 100 French created going up.
30,annoy_1,0.5,0.83,0.5,0.550666667,0.115666981,I'm going to try and beat it.
31,annoy_1,0.5,0.83,0.5,0.549032258,0.114086366,I'm going to try and beat it.
32,annoy_1,0.91,0.91,0.5,0.5603125,0.129103219,I'm going to try and beat it.
33,annoy_1,0.5,0.91,0.5,0.558484848,0.127502971,Why is it not working? What am I doing wrong?
34,annoy_1,0.5,0.91,0.5,0.556764706,0.125956236,Why is it not working? What am I doing wrong?
35,annoy_1,0.5,0.91,0.5,0.555142857,0.124460517,Why is it not working? What am I doing wrong?
36,annoy_1,0.5,0.91,0.5,0.553611111,0.12301342,Why is it not working? What am I doing wrong?
37,annoy_1,0.5,0.91,0.5,0.552162162,0.121612662,Why is it not working? What am I doing wrong?
38,annoy_1,0.5,0.91,0.5,0.550789474,0.120256069,Why is it not working? What am I doing wrong?
39,annoy_1,0.1,0.91,0.1,0.539230769,0.138893837,Why is it not working? What am I doing wrong?
40,annoy_1,0.5,0.91,0.1,0.53825,0.137241832,Do you know the middle or the Rubik's Cube?
41,annoy_1,0.5,0.91,0.1,0.537317073,0.135647049,Do you know the middle or the Rubik's Cube?
42,annoy_1,0.5,0.91,0.1,0.536428571,0.134106282,Do you know the middle or the Rubik's Cube?
43,annoy_1,0.5,0.91,0.1,0.535581395,0.132616567,Do you know the middle or the Rubik's Cube?
44,annoy_1,0.5,0.91,0.1,0.534772727,0.131175165,Do you know the middle or the Rubik's Cube?
45,annoy_1,0.5,0.91,0.1,0.534,0.129779533,Do you know the middle or the Rubik's Cube?
46,annoy_1,0.5,0.91,0.1,0.53326087,0.128427314,Like it wasn't outside what's the middle Kim?
47,annoy_1,0.5,0.91,0.1,0.532553191,0.127116312,Like it wasn't outside what's the middle Kim?
48,annoy_1,0.5,0.91,0.1,0.531875,0.125844488,Like it wasn't outside what's the middle Kim?
49,annoy_1,0.5,0.91,0.1,0.53122449,0.124609936,Like it wasn't outside what's the middle Kim?
50,annoy_1,0.5,0.91,0.1,0.5306,0.123410878,Like it wasn't outside what's the middle Kim?
51,annoy_1,0.5,0.91,0.1,0.53,0.122245654,Let's collect.
52,annoy_1,0.94,0.94,0.1,0.537884615,0.13372985,Let's collect.
53,annoy_1,0.5,0.94,0.1,0.537169811,0.132539941,Alright just trying to
54,annoy_1,0.5,0.94,0.1,0.536481481,0.131381016,Alright just trying to
55,annoy_1,0.5,0.94,0.1,0.535818182,0.130251763,Alright just trying to
56,annoy_1,0.5,0.94,0.1,0.535178571,0.129150949,Alright just trying to
57,annoy_1,0.5,0.94,0.1,0.534561404,0.128077406,Alright just trying to
58,annoy_1,0.5,0.94,0.1,0.533965517,0.127030037,Alright just trying to
59,annoy_1,0.8,0.94,0.1,0.538474576,0.130606194,Alright just trying to
60,annoy_1,0.5,0.94,0.1,0.537833333,0.129589857,this thing is really irritating.
61,annoy_1,0.5,0.94,0.1,0.537213115,0.128596671,this thing is really irritating.
62,annoy_1,0.5,0.94,0.1,0.536612903,0.127625779,this thing is really irritating.
63,annoy_1,0,0.94,0,0.528095238,0.143514157,this thing is really irritating.
64,annoy_1,0.5,0.94,0,0.52765625,0.142413908,You can't ever tell us in the middle.
65,annoy_1,0.5,0.94,0,0.527230769,0.141338553,You can't ever tell us in the middle.
66,annoy_1,0.5,0.94,0,0.526818182,0.140287168,You can't ever tell us in the middle.
67,annoy_1,0.5,0.94,0,0.52641791,0.139258877,You can't ever tell us in the middle.
68,annoy_1,0.5,0.94,0,0.526029412,0.138252848,You can't ever tell us in the middle.
69,annoy_1,0.5,0.94,0,0.525652174,0.137268289,You can't ever tell us in the middle.
70,annoy_1,0.5,0.94,0,0.525285714,0.136304449,"Well, when I was in the Middle East."
71,annoy_1,0.5,0.94,0,0.524929577,0.135360611,"Well, when I was in the Middle East."
72,annoy_1,0.76,0.94,0,0.528194444,0.137229389,"Well, when I was in the Middle East."
73,annoy_1,0.5,0.94,0,0.527808219,0.136313024,Not walking.
74,annoy_1,0.5,0.94,0,0.527432432,0.135414744,Not walking.
75,annoy_1,0.5,0.94,0,0.527066667,0.134533964,Not walking.
76,annoy_1,0.5,0.94,0,0.526710526,0.133670123,Not walking.
77,annoy_1,0.5,0.94,0,0.526363636,0.132822686,Not walking.
78,annoy_1,0.5,0.94,0,0.526025641,0.131991142,Not walking.
79,annoy_1,0.5,0.94,0,0.525696203,0.131175001,Not walking.
80,annoy_1,0.5,0.94,0,0.525375,0.130373793,Not walking.
81,annoy_1,0.5,0.94,0,0.525061728,0.12958707,Not walking.
82,annoy_1,0.5,0.94,0,0.524756098,0.1288144,Not walking.
83,annoy_1,0.5,0.94,0,0.524457831,0.128055371,Not walking.
84,annoy_1,0.5,0.94,0,0.524166667,0.127309587,Not walking.
85,annoy_1,0.75,0.94,0,0.526823529,0.12889837,Not walking.
86,annoy_1,0.5,0.94,0,0.526511628,0.128170543,Didn't even dent it?
87,annoy_1,0.5,0.94,0,0.526206897,0.127454884,Didn't even dent it?
88,annoy_1,0.5,0.94,0,0.525909091,0.126751058,Didn't even dent it?
89,annoy_1,0.5,0.94,0,0.525617978,0.126058744,Didn't even dent it?
90,annoy_1,0.5,0.94,0,0.525333333,0.125377632,Didn't even dent it?
91,annoy_1,0.5,0.94,0,0.525054945,0.124707423,Didn't even dent it?
92,annoy_1,0.5,0.94,0,0.524782609,0.124047831,Didn't even dent it?
93,annoy_1,0.19,0.94,0,0.521182796,0.12816302,Didn't even dent it?
94,annoy_1,0.5,0.94,0,0.520957447,0.127490832,Probably make these things would diamond titanium.
95,annoy_1,0.5,0.94,0,0.520736842,0.126829104,Probably make these things would diamond titanium.
96,annoy_1,0.5,0.94,0,0.520520833,0.126177567,Probably make these things would diamond titanium.
97,annoy_1,0.5,0.94,0,0.520309278,0.125535964,Probably make these things would diamond titanium.
98,annoy_1,0.5,0.94,0,0.520102041,0.124904045,Probably make these things would diamond titanium.
99,annoy_1,0.5,0.94,0,0.51989899,0.124281568,Probably make these things would diamond titanium.
100,annoy_1,0.77,0.94,0,0.5224,0.126156228,Probably make these things would diamond titanium.
101,annoy_1,0.5,0.94,0,0.522178218,0.125543649,Whenever it's really strong.
102,annoy_1,0.5,0.94,0,0.521960784,0.1249399,Whenever it's really strong.
103,annoy_1,0.73,0.94,0,0.523980583,0.126004511,Whenever it's really strong.
104,annoy_1,0.5,0.94,0,0.52375,0.125413394,We've exceeded such a tease.
105,annoy_1,0.5,0.94,0,0.52352381,0.124830508,We've exceeded such a tease.
106,annoy_1,0.5,0.94,0,0.523301887,0.124255663,We've exceeded such a tease.
107,annoy_1,0.78,0.94,0,0.525700935,0.126133443,We've exceeded such a tease.
108,annoy_1,0.5,0.94,0,0.525462963,0.125567008,Who was protecting them anyway?
109,annoy_1,0.5,0.94,0,0.525229358,0.125008121,Who was protecting them anyway?
110,annoy_1,0.5,0.94,0,0.525,0.124456617,Who was protecting them anyway?
111,annoy_1,0.5,0.94,0,0.524774775,0.123912336,Who was protecting them anyway?
112,annoy_1,0.5,0.94,0,0.524553571,0.123375121,Who was protecting them anyway?
113,annoy_1,0.5,0.94,0,0.524336283,0.122844822,Who was protecting them anyway?
114,annoy_1,0.5,0.94,0,0.524122807,0.12232129,Who was protecting them anyway?
115,annoy_1,0.25,0.94,0,0.52173913,0.124437407,Who was protecting them anyway?
116,annoy_1,0.5,0.94,0,0.521551724,0.123911634,Nice wasn't his theme song.
117,annoy_1,0.5,0.94,0,0.521367521,0.123392463,Nice wasn't his theme song.
118,annoy_1,0.5,0.94,0,0.521186441,0.122879758,Nice wasn't his theme song.
119,annoy_1,0.5,0.94,0,0.521008403,0.122373386,Nice wasn't his theme song.
120,annoy_1,0.98,0.98,0,0.524833333,0.128860444,Nice wasn't his theme song.
121,annoy_1,0.5,0.98,0,0.524628099,0.128342259,Is it done done done done done done then then?
122,annoy_1,0.5,0.98,0,0.52442623,0.127830267,Is it done done done done done done then then?
123,annoy_1,0.5,0.98,0,0.524227642,0.127324345,Is it done done done done done done then then?
124,annoy_1,0.5,0.98,0,0.524032258,0.126824374,Is it done done done done done done then then?
125,annoy_1,0.86,0.98,0,0.52672,0.129837218,Is it done done done done done done then then?
126,annoy_1,0.5,0.98,0,0.526507937,0.129338733,We have a lot of you have got a little green.
127,annoy_1,0.5,0.98,0,0.526299213,0.128845935,We have a lot of you have got a little green.
128,annoy_1,0.5,0.98,0,0.52609375,0.128358715,We have a lot of you have got a little green.
129,annoy_1,0.84,0.98,0,0.528527132,0.130809384,We have a lot of you have got a little green.
130,annoy_1,0.5,0.98,0,0.528307692,0.130325403,"Yeah, I only play with a Rubik's Cube if you have no anger problems. No frustration problems and a heck lot of free time."
131,annoy_1,0.5,0.98,0,0.528091603,0.129846741,"Yeah, I only play with a Rubik's Cube if you have no anger problems. No frustration problems and a heck lot of free time."
132,annoy_1,0.5,0.98,0,0.527878788,0.1293733,"Yeah, I only play with a Rubik's Cube if you have no anger problems. No frustration problems and a heck lot of free time."
133,annoy_1,0.5,0.98,0,0.527669173,0.128904987,"Yeah, I only play with a Rubik's Cube if you have no anger problems. No frustration problems and a heck lot of free time."
134,annoy_1,0.5,0.98,0,0.527462687,0.128441711,"Yeah, I only play with a Rubik's Cube if you have no anger problems. No frustration problems and a heck lot of free time."
135,annoy_1,0.5,0.98,0,0.527259259,0.127983381,"Yeah, I only play with a Rubik's Cube if you have no anger problems. No frustration problems and a heck lot of free time."
136,annoy_1,0.5,0.98,0,0.527058824,0.12752991,"Yeah, I only play with a Rubik's Cube if you have no anger problems. No frustration problems and a heck lot of free time."
137,annoy_1,0.5,0.98,0,0.526861314,0.127081214,"Yeah, I only play with a Rubik's Cube if you have no anger problems. No frustration problems and a heck lot of free time."
138,annoy_1,0.5,0.98,0,0.526666667,0.12663721,"Yeah, I only play with a Rubik's Cube if you have no anger problems. No frustration problems and a heck lot of free time."
139,annoy_1,0.5,0.98,0,0.52647482,0.126197816,"Yeah, I only play with a Rubik's Cube if you have no anger problems. No frustration problems and a heck lot of free time."
140,annoy_1,0.5,0.98,0,0.526285714,0.125762954,"Yeah, I only play with a Rubik's Cube if you have no anger problems. No frustration problems and a heck lot of free time."
141,annoy_1,0.86,0.98,0,0.528652482,0.128425742,"Yeah, I only play with a Rubik's Cube if you have no anger problems. No frustration problems and a heck lot of free time."
142,annoy_1,0.5,0.98,0,0.528450704,0.127992108,Stupid people who invented Rubik's cubes you do it to annoy people?
143,annoy_1,0.5,0.98,0,0.528251748,0.127562825,Stupid people who invented Rubik's cubes you do it to annoy people?
144,annoy_1,0.5,0.98,0,0.528055556,0.127137818,Stupid people who invented Rubik's cubes you do it to annoy people?
145,annoy_1,0.5,0.98,0,0.527862069,0.12671702,Stupid people who invented Rubik's cubes you do it to annoy people?
146,annoy_1,0.5,0.98,0,0.527671233,0.12630036,Stupid people who invented Rubik's cubes you do it to annoy people?
147,annoy_1,0.5,0.98,0,0.527482993,0.125887771,Stupid people who invented Rubik's cubes you do it to annoy people?
148,annoy_1,0.07,0.98,0,0.524391892,0.130973469,Stupid people who invented Rubik's cubes you do it to annoy people?
1,annoy_3,0.5,0.5,0.5,0.5,0,0
2,annoy_3,0.5,0.5,0.5,0.5,0,0
3,annoy_3,0.5,0.5,0.5,0.5,0,0
4,annoy_3,0.5,0.5,0.5,0.5,0,0
5,annoy_3,0.5,0.5,0.5,0.5,0,0
6,annoy_3,0.5,0.5,0.5,0.5,0,0
7,annoy_3,0.5,0.5,0.5,0.5,0,0
8,annoy_3,0.5,0.5,0.5,0.5,0,0
9,annoy_3,0.5,0.5,0.5,0.5,0,0
10,annoy_3,0.5,0.5,0.5,0.5,0,0
11,annoy_3,0.5,0.5,0.5,0.5,0,0
12,annoy_3,0.5,0.5,0.5,0.5,0,0
13,annoy_3,0.5,0.5,0.5,0.5,0,0
14,annoy_3,0.5,0.5,0.5,0.5,0,0
15,annoy_3,0.22,0.5,0.22,0.481333333,0.072295689,"Hey guys, so I've been having some issues lately specifically anger issues. And I'll just be doing normal things and then you know what here take a look."
16,annoy_3,0.5,0.5,0.22,0.4825,0.07,"So there guys there, you have it, I don't know why it's happening. I'm not particularly in angry person and I cannot control it. So yeah, I think we're gonna wrap up. This video right by law law right here and some I'll see you later."
17,annoy_3,0.5,0.5,0.22,0.483529412,0.067909975,"So there guys there, you have it, I don't know why it's happening. I'm not particularly in angry person and I cannot control it. So yeah, I think we're gonna wrap up. This video right by law law right here and some I'll see you later."
18,annoy_3,0.5,0.5,0.22,0.484444444,0.065996633,"So there guys there, you have it, I don't know why it's happening. I'm not particularly in angry person and I cannot control it. So yeah, I think we're gonna wrap up. This video right by law law right here and some I'll see you later."
19,annoy_3,0.5,0.5,0.22,0.485263158,0.064236405,"So there guys there, you have it, I don't know why it's happening. I'm not particularly in angry person and I cannot control it. So yeah, I think we're gonna wrap up. This video right by law law right here and some I'll see you later."
20,annoy_3,0.5,0.5,0.22,0.486,0.062609903,"So there guys there, you have it, I don't know why it's happening. I'm not particularly in angry person and I cannot control it. So yeah, I think we're gonna wrap up. This video right by law law right here and some I'll see you later."
21,annoy_3,0.5,0.5,0.22,0.486666667,0.061101009,"So there guys there, you have it, I don't know why it's happening. I'm not particularly in angry person and I cannot control it. So yeah, I think we're gonna wrap up. This video right by law law right here and some I'll see you later."
22,annoy_3,0.5,0.5,0.22,0.487272727,0.059696201,"So there guys there, you have it, I don't know why it's happening. I'm not particularly in angry person and I cannot control it. So yeah, I think we're gonna wrap up. This video right by law law right here and some I'll see you later."
23,annoy_3,0.5,0.5,0.22,0.487826087,0.058384036,"So there guys there, you have it, I don't know why it's happening. I'm not particularly in angry person and I cannot control it. So yeah, I think we're gonna wrap up. This video right by law law right here and some I'll see you later."
24,annoy_3,0.5,0.5,0.22,0.488333333,0.057154761,"So there guys there, you have it, I don't know why it's happening. I'm not particularly in angry person and I cannot control it. So yeah, I think we're gonna wrap up. This video right by law law right here and some I'll see you later."
25,annoy_3,0.5,0.5,0.22,0.4888,0.056,"So there guys there, you have it, I don't know why it's happening. I'm not particularly in angry person and I cannot control it. So yeah, I think we're gonna wrap up. This video right by law law right here and some I'll see you later."
26,annoy_3,0.5,0.5,0.22,0.489230769,0.054912518,"So there guys there, you have it, I don't know why it's happening. I'm not particularly in angry person and I cannot control it. So yeah, I think we're gonna wrap up. This video right by law law right here and some I'll see you later."
27,annoy_3,0.5,0.5,0.22,0.48962963,0.053886025,"So there guys there, you have it, I don't know why it's happening. I'm not particularly in angry person and I cannot control it. So yeah, I think we're gonna wrap up. This video right by law law right here and some I'll see you later."
28,annoy_3,0.5,0.5,0.22,0.49,0.052915026,"So there guys there, you have it, I don't know why it's happening. I'm not particularly in angry person and I cannot control it. So yeah, I think we're gonna wrap up. This video right by law law right here and some I'll see you later."
29,annoy_3,0.5,0.5,0.22,0.490344828,0.051994695,"So there guys there, you have it, I don't know why it's happening. I'm not particularly in angry person and I cannot control it. So yeah, I think we're gonna wrap up. This video right by law law right here and some I'll see you later."
30,annoy_3,0.5,0.5,0.22,0.490666667,0.051120772,"So there guys there, you have it, I don't know why it's happening. I'm not particularly in angry person and I cannot control it. So yeah, I think we're gonna wrap up. This video right by law law right here and some I'll see you later."
31,annoy_3,0.5,0.5,0.22,0.490967742,0.050289485,"So there guys there, you have it, I don't know why it's happening. I'm not particularly in angry person and I cannot control it. So yeah, I think we're gonna wrap up. This video right by law law right here and some I'll see you later."
32,annoy_3,0.5,0.5,0.22,0.49125,0.049497475,"So there guys there, you have it, I don't know why it's happening. I'm not particularly in angry person and I cannot control it. So yeah, I think we're gonna wrap up. This video right by law law right here and some I'll see you later."
33,annoy_3,0.5,0.5,0.22,0.491515152,0.048741744,"So there guys there, you have it, I don't know why it's happening. I'm not particularly in angry person and I cannot control it. So yeah, I think we're gonna wrap up. This video right by law law right here and some I'll see you later."
34,annoy_3,0.5,0.5,0.22,0.491764706,0.048019604,"So there guys there, you have it, I don't know why it's happening. I'm not particularly in angry person and I cannot control it. So yeah, I think we're gonna wrap up. This video right by law law right here and some I'll see you later."
35,annoy_3,0.5,0.5,0.22,0.492,0.047328638,"So there guys there, you have it, I don't know why it's happening. I'm not particularly in angry person and I cannot control it. So yeah, I think we're gonna wrap up. This video right by law law right here and some I'll see you later."
36,annoy_3,0.5,0.5,0.22,0.492222222,0.046666667,"So there guys there, you have it, I don't know why it's happening. I'm not particularly in angry person and I cannot control it. So yeah, I think we're gonna wrap up. This video right by law law right here and some I'll see you later."
37,annoy_3,0.5,0.5,0.22,0.492432432,0.046031716,"So there guys there, you have it, I don't know why it's happening. I'm not particularly in angry person and I cannot control it. So yeah, I think we're gonna wrap up. This video right by law law right here and some I'll see you later."
38,annoy_3,0.5,0.5,0.22,0.492631579,0.045421998,"So there guys there, you have it, I don't know why it's happening. I'm not particularly in angry person and I cannot control it. So yeah, I think we're gonna wrap up. This video right by law law right here and some I'll see you later."
39,annoy_3,0.5,0.5,0.22,0.492820513,0.044835883,"So there guys there, you have it, I don't know why it's happening. I'm not particularly in angry person and I cannot control it. So yeah, I think we're gonna wrap up. This video right by law law right here and some I'll see you later."
40,annoy_3,0.5,0.5,0.22,0.493,0.044271887,"So there guys there, you have it, I don't know why it's happening. I'm not particularly in angry person and I cannot control it. So yeah, I think we're gonna wrap up. This video right by law law right here and some I'll see you later."
41,annoy_3,0.5,0.5,0.22,0.493170732,0.043728653,"So there guys there, you have it, I don't know why it's happening. I'm not particularly in angry person and I cannot control it. So yeah, I think we're gonna wrap up. This video right by law law right here and some I'll see you later."
42,annoy_3,0.5,0.5,0.22,0.493333333,0.043204938,"So there guys there, you have it, I don't know why it's happening. I'm not particularly in angry person and I cannot control it. So yeah, I think we're gonna wrap up. This video right by law law right here and some I'll see you later."
43,annoy_3,0.5,0.5,0.22,0.493488372,0.0426996,"So there guys there, you have it, I don't know why it's happening. I'm not particularly in angry person and I cannot control it. So yeah, I think we're gonna wrap up. This video right by law law right here and some I'll see you later."
44,annoy_3,0.5,0.5,0.22,0.493636364,0.042211588,"So there guys there, you have it, I don't know why it's happening. I'm not particularly in angry person and I cannot control it. So yeah, I think we're gonna wrap up. This video right by law law right here and some I'll see you later."
45,annoy_3,0.5,0.5,0.22,0.493777778,0.041739936,"So there guys there, you have it, I don't know why it's happening. I'm not particularly in angry person and I cannot control it. So yeah, I think we're gonna wrap up. This video right by law law right here and some I'll see you later."
46,annoy_3,0.5,0.5,0.22,0.493913043,0.041283748,"So there guys there, you have it, I don't know why it's happening. I'm not particularly in angry person and I cannot control it. So yeah, I think we're gonna wrap up. This video right by law law right here and some I'll see you later."
47,annoy_3,0.5,0.5,0.22,0.494042553,0.040842198,"So there guys there, you have it, I don't know why it's happening. I'm not particularly in angry person and I cannot control it. So yeah, I think we're gonna wrap up. This video right by law law right here and some I'll see you later."
48,annoy_3,0.5,0.5,0.22,0.494166667,0.040414519,"So there guys there, you have it, I don't know why it's happening. I'm not particularly in angry person and I cannot control it. So yeah, I think we're gonna wrap up. This video right by law law right here and some I'll see you later."
49,annoy_3,0.5,0.5,0.22,0.494285714,0.04,"So there guys there, you have it, I don't know why it's happening. I'm not particularly in angry person and I cannot control it. So yeah, I think we're gonna wrap up. This video right by law law right here and some I'll see you later."
50,annoy_3,0.5,0.5,0.22,0.4944,0.03959798,"So there guys there, you have it, I don't know why it's happening. I'm not particularly in angry person and I cannot control it. So yeah, I think we're gonna wrap up. This video right by law law right here and some I'll see you later."
51,annoy_3,0.5,0.5,0.22,0.494509804,0.039207842,"So there guys there, you have it, I don't know why it's happening. I'm not particularly in angry person and I cannot control it. So yeah, I think we're gonna wrap up. This video right by law law right here and some I'll see you later."
52,annoy_3,0.5,0.5,0.22,0.494615385,0.038829014,"So there guys there, you have it, I don't know why it's happening. I'm not particularly in angry person and I cannot control it. So yeah, I think we're gonna wrap up. This video right by law law right here and some I'll see you later."
53,annoy_3,0.5,0.5,0.22,0.494716981,0.038460958,"So there guys there, you have it, I don't know why it's happening. I'm not particularly in angry person and I cannot control it. So yeah, I think we're gonna wrap up. This video right by law law right here and some I'll see you later."
54,annoy_3,0.5,0.5,0.22,0.494814815,0.038103174,"So there guys there, you have it, I don't know why it's happening. I'm not particularly in angry person and I cannot control it. So yeah, I think we're gonna wrap up. This video right by law law right here and some I'll see you later."
55,annoy_3,0.5,0.5,0.22,0.494909091,0.037755192,"So there guys there, you have it, I don't know why it's happening. I'm not particularly in angry person and I cannot control it. So yeah, I think we're gonna wrap up. This video right by law law right here and some I'll see you later."
56,annoy_3,0.5,0.5,0.22,0.495,0.037416574,"So there guys there, you have it, I don't know why it's happening. I'm not particularly in angry person and I cannot control it. So yeah, I think we're gonna wrap up. This video right by law law right here and some I'll see you later."
57,annoy_3,0.5,0.5,0.22,0.495087719,0.037086906,"So there guys there, you have it, I don't know why it's happening. I'm not particularly in angry person and I cannot control it. So yeah, I think we're gonna wrap up. This video right by law law right here and some I'll see you later."
58,annoy_3,0.5,0.5,0.22,0.495172414,0.036765801,"So there guys there, you have it, I don't know why it's happening. I'm not particularly in angry person and I cannot control it. So yeah, I think we're gonna wrap up. This video right by law law right here and some I'll see you later."
59,annoy_3,0.5,0.5,0.22,0.495254237,0.036452895,"So there guys there, you have it, I don't know why it's happening. I'm not particularly in angry person and I cannot control it. So yeah, I think we're gonna wrap up. This video right by law law right here and some I'll see you later."
60,annoy_3,0.5,0.5,0.22,0.495333333,0.036147845,"So there guys there, you have it, I don't know why it's happening. I'm not particularly in angry person and I cannot control it. So yeah, I think we're gonna wrap up. This video right by law law right here and some I'll see you later."
61,annoy_3,0.5,0.5,0.22,0.495409836,0.035850326,"So there guys there, you have it, I don't know why it's happening. I'm not particularly in angry person and I cannot control it. So yeah, I think we're gonna wrap up. This video right by law law right here and some I'll see you later."
62,annoy_3,0.5,0.5,0.22,0.495483871,0.035560036,"So there guys there, you have it, I don't know why it's happening. I'm not particularly in angry person and I cannot control it. So yeah, I think we're gonna wrap up. This video right by law law right here and some I'll see you later."
63,annoy_3,0.5,0.5,0.22,0.495555556,0.035276684,"So there guys there, you have it, I don't know why it's happening. I'm not particularly in angry person and I cannot control it. So yeah, I think we're gonna wrap up. This video right by law law right here and some I'll see you later."
64,annoy_3,0.5,0.5,0.22,0.495625,0.035,"So there guys there, you have it, I don't know why it's happening. I'm not particularly in angry person and I cannot control it. So yeah, I think we're gonna wrap up. This video right by law law right here and some I'll see you later."
65,annoy_3,0.5,0.5,0.22,0.495692308,0.034729726,"So there guys there, you have it, I don't know why it's happening. I'm not particularly in angry person and I cannot control it. So yeah, I think we're gonna wrap up. This video right by law law right here and some I'll see you later."
66,annoy_3,0.5,0.5,0.22,0.495757576,0.034465617,"So there guys there, you have it, I don't know why it's happening. I'm not particularly in angry person and I cannot control it. So yeah, I think we're gonna wrap up. This video right by law law right here and some I'll see you later."
67,annoy_3,0.5,0.5,0.22,0.495820896,0.034207444,"So there guys there, you have it, I don't know why it's happening. I'm not particularly in angry person and I cannot control it. So yeah, I think we're gonna wrap up. This video right by law law right here and some I'll see you later."
68,annoy_3,0.5,0.5,0.22,0.495882353,0.033954988,"So there guys there, you have it, I don't know why it's happening. I'm not particularly in angry person and I cannot control it. So yeah, I think we're gonna wrap up. This video right by law law right here and some I'll see you later."
69,annoy_3,0.5,0.5,0.22,0.495942029,0.033708039,"So there guys there, you have it, I don't know why it's happening. I'm not particularly in angry person and I cannot control it. So yeah, I think we're gonna wrap up. This video right by law law right here and some I'll see you later."
70,annoy_3,0.5,0.5,0.22,0.496,0.033466401,"So there guys there, you have it, I don't know why it's happening. I'm not particularly in angry person and I cannot control it. So yeah, I think we're gonna wrap up. This video right by law law right here and some I'll see you later."
71,annoy_3,0.5,0.5,0.22,0.496056338,0.033229886,"So there guys there, you have it, I don't know why it's happening. I'm not particularly in angry person and I cannot control it. So yeah, I think we're gonna wrap up. This video right by law law right here and some I'll see you later."
72,annoy_3,0.5,0.5,0.22,0.496111111,0.032998316,"So there guys there, you have it, I don't know why it's happening. I'm not particularly in angry person and I cannot control it. So yeah, I think we're gonna wrap up. This video right by law law right here and some I'll see you later."
73,annoy_3,0.5,0.5,0.22,0.496164384,0.032771521,"So there guys there, you have it, I don't know why it's happening. I'm not particularly in angry person and I cannot control it. So yeah, I think we're gonna wrap up. This video right by law law right here and some I'll see you later."
74,annoy_3,0.5,0.5,0.22,0.496216216,0.032549339,"So there guys there, you have it, I don't know why it's happening. I'm not particularly in angry person and I cannot control it. So yeah, I think we're gonna wrap up. This video right by law law right here and some I'll see you later."
75,annoy_3,0.5,0.5,0.22,0.496266667,0.032331615,"So there guys there, you have it, I don't know why it's happening. I'm not particularly in angry person and I cannot control it. So yeah, I think we're gonna wrap up. This video right by law law right here and some I'll see you later."
76,annoy_3,0.5,0.5,0.22,0.496315789,0.032118203,"So there guys there, you have it, I don't know why it's happening. I'm not particularly in angry person and I cannot control it. So yeah, I think we're gonna wrap up. This video right by law law right here and some I'll see you later."
77,annoy_3,0.5,0.5,0.22,0.496363636,0.031908961,"So there guys there, you have it, I don't know why it's happening. I'm not particularly in angry person and I cannot control it. So yeah, I think we're gonna wrap up. This video right by law law right here and some I'll see you later."
78,annoy_3,0.5,0.5,0.22,0.496410256,0.031703757,"So there guys there, you have it, I don't know why it's happening. I'm not particularly in angry person and I cannot control it. So yeah, I think we're gonna wrap up. This video right by law law right here and some I'll see you later."
79,annoy_3,0.5,0.5,0.22,0.496455696,0.031502461,"So there guys there, you have it, I don't know why it's happening. I'm not particularly in angry person and I cannot control it. So yeah, I think we're gonna wrap up. This video right by law law right here and some I'll see you later."
80,annoy_3,0.5,0.5,0.22,0.4965,0.031304952,"So there guys there, you have it, I don't know why it's happening. I'm not particularly in angry person and I cannot control it. So yeah, I think we're gonna wrap up. This video right by law law right here and some I'll see you later."
81,annoy_3,0.5,0.5,0.22,0.49654321,0.031111111,"So there guys there, you have it, I don't know why it's happening. I'm not particularly in angry person and I cannot control it. So yeah, I think we're gonna wrap up. This video right by law law right here and some I'll see you later."
82,annoy_3,0.5,0.5,0.22,0.496585366,0.030920827,"So there guys there, you have it, I don't know why it's happening. I'm not particularly in angry person and I cannot control it. So yeah, I think we're gonna wrap up. This video right by law law right here and some I'll see you later."
83,annoy_3,0.5,0.5,0.22,0.496626506,0.030733993,"So there guys there, you have it, I don't know why it's happening. I'm not particularly in angry person and I cannot control it. So yeah, I think we're gonna wrap up. This video right by law law right here and some I'll see you later."
84,annoy_3,0.5,0.5,0.22,0.496666667,0.030550505,"So there guys there, you have it, I don't know why it's happening. I'm not particularly in angry person and I cannot control it. So yeah, I think we're gonna wrap up. This video right by law law right here and some I'll see you later."
85,annoy_3,0.5,0.5,0.22,0.496705882,0.030370264,"So there guys there, you have it, I don't know why it's happening. I'm not particularly in angry person and I cannot control it. So yeah, I think we're gonna wrap up. This video right by law law right here and some I'll see you later."
86,annoy_3,0.5,0.5,0.22,0.496744186,0.030193176,"So there guys there, you have it, I don't know why it's happening. I'm not particularly in angry person and I cannot control it. So yeah, I think we're gonna wrap up. This video right by law law right here and some I'll see you later."
87,annoy_3,0.5,0.5,0.22,0.496781609,0.030019151,"So there guys there, you have it, I don't know why it's happening. I'm not particularly in angry person and I cannot control it. So yeah, I think we're gonna wrap up. This video right by law law right here and some I'll see you later."
88,annoy_3,0.5,0.5,0.22,0.496818182,0.0298481,"So there guys there, you have it, I don't know why it's happening. I'm not particularly in angry person and I cannot control it. So yeah, I think we're gonna wrap up. This video right by law law right here and some I'll see you later."
89,annoy_3,0.5,0.5,0.22,0.496853933,0.029679941,"So there guys there, you have it, I don't know why it's happening. I'm not particularly in angry person and I cannot control it. So yeah, I think we're gonna wrap up. This video right by law law right here and some I'll see you later."
90,annoy_3,0.5,0.5,0.22,0.496888889,0.029514591,"So there guys there, you have it, I don't know why it's happening. I'm not particularly in angry person and I cannot control it. So yeah, I think we're gonna wrap up. This video right by law law right here and some I'll see you later."
91,annoy_3,0.5,0.5,0.22,0.496923077,0.029351975,"So there guys there, you have it, I don't know why it's happening. I'm not particularly in angry person and I cannot control it. So yeah, I think we're gonna wrap up. This video right by law law right here and some I'll see you later."
92,annoy_3,0.5,0.5,0.22,0.496956522,0.029192018,"So there guys there, you have it, I don't know why it's happening. I'm not particularly in angry person and I cannot control it. So yeah, I think we're gonna wrap up. This video right by law law right here and some I'll see you later."
93,annoy_3,0.5,0.5,0.22,0.496989247,0.029034647,"So there guys there, you have it, I don't know why it's happening. I'm not particularly in angry person and I cannot control it. So yeah, I think we're gonna wrap up. This video right by law law right here and some I'll see you later."
94,annoy_3,0.5,0.5,0.22,0.497021277,0.028879795,"So there guys there, you have it, I don't know why it's happening. I'm not particularly in angry person and I cannot control it. So yeah, I think we're gonna wrap up. This video right by law law right here and some I'll see you later."
95,annoy_3,0.5,0.5,0.22,0.497052632,0.028727394,"So there guys there, you have it, I don't know why it's happening. I'm not particularly in angry person and I cannot control it. So yeah, I think we're gonna wrap up. This video right by law law right here and some I'll see you later."
96,annoy_3,0.5,0.5,0.22,0.497083333,0.02857738,"So there guys there, you have it, I don't know why it's happening. I'm not particularly in angry person and I cannot control it. So yeah, I think we're gonna wrap up. This video right by law law right here and some I'll see you later."
97,annoy_3,0.5,0.5,0.22,0.497113402,0.028429693,"So there guys there, you have it, I don't know why it's happening. I'm not particularly in angry person and I cannot control it. So yeah, I think we're gonna wrap up. This video right by law law right here and some I'll see you later."
98,annoy_3,0.5,0.5,0.22,0.497142857,0.028284271,"So there guys there, you have it, I don't know why it's happening. I'm not particularly in angry person and I cannot control it. So yeah, I think we're gonna wrap up. This video right by law law right here and some I'll see you later."
99,annoy_3,0.5,0.5,0.22,0.497171717,0.028141059,"So there guys there, you have it, I don't know why it's happening. I'm not particularly in angry person and I cannot control it. So yeah, I think we're gonna wrap up. This video right by law law right here and some I'll see you later."
100,annoy_3,0.5,0.5,0.22,0.4972,0.028,"So there guys there, you have it, I don't know why it's happening. I'm not particularly in angry person and I cannot control it. So yeah, I think we're gonna wrap up. This video right by law law right here and some I'll see you later."
101,annoy_3,0.5,0.5,0.22,0.497227723,0.027861041,"So there guys there, you have it, I don't know why it's happening. I'm not particularly in angry person and I cannot control it. So yeah, I think we're gonna wrap up. This video right by law law right here and some I'll see you later."
102,annoy_3,0.5,0.5,0.22,0.497254902,0.027724131,"So there guys there, you have it, I don't know why it's happening. I'm not particularly in angry person and I cannot control it. So yeah, I think we're gonna wrap up. This video right by law law right here and some I'll see you later."
103,annoy_3,0.5,0.5,0.22,0.497281553,0.02758922,"So there guys there, you have it, I don't know why it's happening. I'm not particularly in angry person and I cannot control it. So yeah, I think we're gonna wrap up. This video right by law law right here and some I'll see you later."
104,annoy_3,0.5,0.5,0.22,0.497307692,0.027456259,"So there guys there, you have it, I don't know why it's happening. I'm not particularly in angry person and I cannot control it. So yeah, I think we're gonna wrap up. This video right by law law right here and some I'll see you later."
105,annoy_3,0.5,0.5,0.22,0.497333333,0.027325202,"So there guys there, you have it, I don't know why it's happening. I'm not particularly in angry person and I cannot control it. So yeah, I think we're gonna wrap up. This video right by law law right here and some I'll see you later."
106,annoy_3,0.5,0.5,0.22,0.497358491,0.027196004,"So there guys there, you have it, I don't know why it's happening. I'm not particularly in angry person and I cannot control it. So yeah, I think we're gonna wrap up. This video right by law law right here and some I'll see you later."
107,annoy_3,0.5,0.5,0.22,0.497383178,0.027068622,"So there guys there, you have it, I don't know why it's happening. I'm not particularly in angry person and I cannot control it. So yeah, I think we're gonna wrap up. This video right by law law right here and some I'll see you later."
108,annoy_3,0.5,0.5,0.22,0.497407407,0.026943013,"So there guys there, you have it, I don't know why it's happening. I'm not particularly in angry person and I cannot control it. So yeah, I think we're gonna wrap up. This video right by law law right here and some I'll see you later."
109,annoy_3,0.5,0.5,0.22,0.497431193,0.026819136,"So there guys there, you have it, I don't know why it's happening. I'm not particularly in angry person and I cannot control it. So yeah, I think we're gonna wrap up. This video right by law law right here and some I'll see you later."
110,annoy_3,0.5,0.5,0.22,0.497454545,0.026696952,"So there guys there, you have it, I don't know why it's happening. I'm not particularly in angry person and I cannot control it. So yeah, I think we're gonna wrap up. This video right by law law right here and some I'll see you later."
111,annoy_3,0.5,0.5,0.22,0.497477477,0.026576424,"So there guys there, you have it, I don't know why it's happening. I'm not particularly in angry person and I cannot control it. So yeah, I think we're gonna wrap up. This video right by law law right here and some I'll see you later."
112,annoy_3,0.5,0.5,0.22,0.4975,0.026457513,"So there guys there, you have it, I don't know why it's happening. I'm not particularly in angry person and I cannot control it. So yeah, I think we're gonna wrap up. This video right by law law right here and some I'll see you later."
113,annoy_3,0.5,0.5,0.22,0.497522124,0.026340184,"So there guys there, you have it, I don't know why it's happening. I'm not particularly in angry person and I cannot control it. So yeah, I think we're gonna wrap up. This video right by law law right here and some I'll see you later."
114,annoy_3,0.5,0.5,0.22,0.49754386,0.026224403,"So there guys there, you have it, I don't know why it's happening. I'm not particularly in angry person and I cannot control it. So yeah, I think we're gonna wrap up. This video right by law law right here and some I'll see you later."
115,annoy_3,0.5,0.5,0.22,0.497565217,0.026110135,"So there guys there, you have it, I don't know why it's happening. I'm not particularly in angry person and I cannot control it. So yeah, I think we're gonna wrap up. This video right by law law right here and some I'll see you later."
116,annoy_3,0.5,0.5,0.22,0.497586207,0.025997347,"So there guys there, you have it, I don't know why it's happening. I'm not particularly in angry person and I cannot control it. So yeah, I think we're gonna wrap up. This video right by law law right here and some I'll see you later."
117,annoy_3,0.5,0.5,0.22,0.497606838,0.025886009,"So there guys there, you have it, I don't know why it's happening. I'm not particularly in angry person and I cannot control it. So yeah, I think we're gonna wrap up. This video right by law law right here and some I'll see you later."
118,annoy_3,0.5,0.5,0.22,0.497627119,0.025776089,"So there guys there, you have it, I don't know why it's happening. I'm not particularly in angry person and I cannot control it. So yeah, I think we're gonna wrap up. This video right by law law right here and some I'll see you later."
119,annoy_3,0.5,0.5,0.22,0.497647059,0.025667558,"So there guys there, you have it, I don't know why it's happening. I'm not particularly in angry person and I cannot control it. So yeah, I think we're gonna wrap up. This video right by law law right here and some I'll see you later."
120,annoy_3,0.5,0.5,0.22,0.497666667,0.025560386,"So there guys there, you have it, I don't know why it's happening. I'm not particularly in angry person and I cannot control it. So yeah, I think we're gonna wrap up. This video right by law law right here and some I'll see you later."
121,annoy_3,0.5,0.5,0.22,0.49768595,0.025454545,"So there guys there, you have it, I don't know why it's happening. I'm not particularly in angry person and I cannot control it. So yeah, I think we're gonna wrap up. This video right by law law right here and some I'll see you later."
122,annoy_3,0.5,0.5,0.22,0.497704918,0.025350009,"So there guys there, you have it, I don't know why it's happening. I'm not particularly in angry person and I cannot control it. So yeah, I think we're gonna wrap up. This video right by law law right here and some I'll see you later."
123,annoy_3,0.5,0.5,0.22,0.497723577,0.02524675,"So there guys there, you have it, I don't know why it's happening. I'm not particularly in angry person and I cannot control it. So yeah, I think we're gonna wrap up. This video right by law law right here and some I'll see you later."
124,annoy_3,0.5,0.5,0.22,0.497741935,0.025144742,"So there guys there, you have it, I don't know why it's happening. I'm not particularly in angry person and I cannot control it. So yeah, I think we're gonna wrap up. This video right by law law right here and some I'll see you later."
125,annoy_3,0.5,0.5,0.22,0.49776,0.025043961,"So there guys there, you have it, I don't know why it's happening. I'm not particularly in angry person and I cannot control it. So yeah, I think we're gonna wrap up. This video right by law law right here and some I'll see you later."
126,annoy_3,0.5,0.5,0.22,0.497777778,0.024944383,"So there guys there, you have it, I don't know why it's happening. I'm not particularly in angry person and I cannot control it. So yeah, I think we're gonna wrap up. This video right by law law right here and some I'll see you later."
127,annoy_3,0.5,0.5,0.22,0.497795276,0.024845982,"So there guys there, you have it, I don't know why it's happening. I'm not particularly in angry person and I cannot control it. So yeah, I think we're gonna wrap up. This video right by law law right here and some I'll see you later."
128,annoy_3,0.5,0.5,0.22,0.4978125,0.024748737,"So there guys there, you have it, I don't know why it's happening. I'm not particularly in angry person and I cannot control it. So yeah, I think we're gonna wrap up. This video right by law law right here and some I'll see you later."
129,annoy_3,0.5,0.5,0.22,0.497829457,0.024652625,"So there guys there, you have it, I don't know why it's happening. I'm not particularly in angry person and I cannot control it. So yeah, I think we're gonna wrap up. This video right by law law right here and some I'll see you later."
130,annoy_3,0.5,0.5,0.22,0.497846154,0.024557625,"So there guys there, you have it, I don't know why it's happening. I'm not particularly in angry person and I cannot control it. So yeah, I think we're gonna wrap up. This video right by law law right here and some I'll see you later."
131,annoy_3,0.5,0.5,0.22,0.497862595,0.024463714,"So there guys there, you have it, I don't know why it's happening. I'm not particularly in angry person and I cannot control it. So yeah, I think we're gonna wrap up. This video right by law law right here and some I'll see you later."
132,annoy_3,0.5,0.5,0.22,0.497878788,0.024370872,"So there guys there, you have it, I don't know why it's happening. I'm not particularly in angry person and I cannot control it. So yeah, I think we're gonna wrap up. This video right by law law right here and some I'll see you later."
133,annoy_3,0.5,0.5,0.22,0.497894737,0.024279079,"So there guys there, you have it, I don't know why it's happening. I'm not particularly in angry person and I cannot control it. So yeah, I think we're gonna wrap up. This video right by law law right here and some I'll see you later."
134,annoy_3,0.5,0.5,0.22,0.497910448,0.024188316,"So there guys there, you have it, I don't know why it's happening. I'm not particularly in angry person and I cannot control it. So yeah, I think we're gonna wrap up. This video right by law law right here and some I'll see you later."
135,annoy_3,0.5,0.5,0.22,0.497925926,0.024098563,"So there guys there, you have it, I don't know why it's happening. I'm not particularly in angry person and I cannot control it. So yeah, I think we're gonna wrap up. This video right by law law right here and some I'll see you later."
136,annoy_3,0.5,0.5,0.22,0.497941176,0.024009802,"So there guys there, you have it, I don't know why it's happening. I'm not particularly in angry person and I cannot control it. So yeah, I think we're gonna wrap up. This video right by law law right here and some I'll see you later."
137,annoy_3,0.5,0.5,0.22,0.497956204,0.023922014,"So there guys there, you have it, I don't know why it's happening. I'm not particularly in angry person and I cannot control it. So yeah, I think we're gonna wrap up. This video right by law law right here and some I'll see you later."
138,annoy_3,0.5,0.5,0.22,0.497971014,0.023835183,"So there guys there, you have it, I don't know why it's happening. I'm not particularly in angry person and I cannot control it. So yeah, I think we're gonna wrap up. This video right by law law right here and some I'll see you later."
139,annoy_3,0.5,0.5,0.22,0.497985612,0.02374929,"So there guys there, you have it, I don't know why it's happening. I'm not particularly in angry person and I cannot control it. So yeah, I think we're gonna wrap up. This video right by law law right here and some I'll see you later."
140,annoy_3,0.5,0.5,0.22,0.498,0.023664319,"So there guys there, you have it, I don't know why it's happening. I'm not particularly in angry person and I cannot control it. So yeah, I think we're gonna wrap up. This video right by law law right here and some I'll see you later."
141,annoy_3,0.5,0.5,0.22,0.498014184,0.023580254,"So there guys there, you have it, I don't know why it's happening. I'm not particularly in angry person and I cannot control it. So yeah, I think we're gonna wrap up. This video right by law law right here and some I'll see you later."
142,annoy_3,0.5,0.5,0.22,0.498028169,0.023497078,"So there guys there, you have it, I don't know why it's happening. I'm not particularly in angry person and I cannot control it. So yeah, I think we're gonna wrap up. This video right by law law right here and some I'll see you later."
143,annoy_3,0.5,0.5,0.22,0.498041958,0.023414776,"So there guys there, you have it, I don't know why it's happening. I'm not particularly in angry person and I cannot control it. So yeah, I think we're gonna wrap up. This video right by law law right here and some I'll see you later."
144,annoy_3,0.5,0.5,0.22,0.498055556,0.023333333,"So there guys there, you have it, I don't know why it's happening. I'm not particularly in angry person and I cannot control it. So yeah, I think we're gonna wrap up. This video right by law law right here and some I'll see you later."
145,annoy_3,0.5,0.5,0.22,0.498068966,0.023252734,"So there guys there, you have it, I don't know why it's happening. I'm not particularly in angry person and I cannot control it. So yeah, I think we're gonna wrap up. This video right by law law right here and some I'll see you later."
146,annoy_3,0.5,0.5,0.22,0.498082192,0.023172965,"So there guys there, you have it, I don't know why it's happening. I'm not particularly in angry person and I cannot control it. So yeah, I think we're gonna wrap up. This video right by law law right here and some I'll see you later."
147,annoy_3,0.5,0.5,0.22,0.498095238,0.023094011,"So there guys there, you have it, I don't know why it's happening. I'm not particularly in angry person and I cannot control it. So yeah, I think we're gonna wrap up. This video right by law law right here and some I'll see you later."
148,annoy_3,0.5,0.5,0.22,0.498108108,0.023015858,"So there guys there, you have it, I don't know why it's happening. I'm not particularly in angry person and I cannot control it. So yeah, I think we're gonna wrap up. This video right by law law right here and some I'll see you later."
149,annoy_3,0.5,0.5,0.22,0.498120805,0.022938494,"So there guys there, you have it, I don't know why it's happening. I'm not particularly in angry person and I cannot control it. So yeah, I think we're gonna wrap up. This video right by law law right here and some I'll see you later."
150,annoy_3,0.5,0.5,0.22,0.498133333,0.022861904,"So there guys there, you have it, I don't know why it's happening. I'm not particularly in angry person and I cannot control it. So yeah, I think we're gonna wrap up. This video right by law law right here and some I'll see you later."
151,annoy_3,0.5,0.5,0.22,0.498145695,0.022786077,"So there guys there, you have it, I don't know why it's happening. I'm not particularly in angry person and I cannot control it. So yeah, I think we're gonna wrap up. This video right by law law right here and some I'll see you later."
152,annoy_3,0.5,0.5,0.22,0.498157895,0.022710999,"So there guys there, you have it, I don't know why it's happening. I'm not particularly in angry person and I cannot control it. So yeah, I think we're gonna wrap up. This video right by law law right here and some I'll see you later."
153,annoy_3,0.5,0.5,0.22,0.498169935,0.022636658,"So there guys there, you have it, I don't know why it's happening. I'm not particularly in angry person and I cannot control it. So yeah, I think we're gonna wrap up. This video right by law law right here and some I'll see you later."
154,annoy_3,0.5,0.5,0.22,0.498181818,0.022563043,"So there guys there, you have it, I don't know why it's happening. I'm not particularly in angry person and I cannot control it. So yeah, I think we're gonna wrap up. This video right by law law right here and some I'll see you later."
155,annoy_3,0.5,0.5,0.22,0.498193548,0.022490141,"So there guys there, you have it, I don't know why it's happening. I'm not particularly in angry person and I cannot control it. So yeah, I think we're gonna wrap up. This video right by law law right here and some I'll see you later."
156,annoy_3,0.5,0.5,0.22,0.498205128,0.022417942,"So there guys there, you have it, I don't know why it's happening. I'm not particularly in angry person and I cannot control it. So yeah, I think we're gonna wrap up. This video right by law law right here and some I'll see you later."
157,annoy_3,0.5,0.5,0.22,0.498216561,0.022346433,"So there guys there, you have it, I don't know why it's happening. I'm not particularly in angry person and I cannot control it. So yeah, I think we're gonna wrap up. This video right by law law right here and some I'll see you later."
158,annoy_3,0.5,0.5,0.22,0.498227848,0.022275604,"So there guys there, you have it, I don't know why it's happening. I'm not particularly in angry person and I cannot control it. So yeah, I think we're gonna wrap up. This video right by law law right here and some I'll see you later."
159,annoy_3,0.5,0.5,0.22,0.498238994,0.022205444,"So there guys there, you have it, I don't know why it's happening. I'm not particularly in angry person and I cannot control it. So yeah, I think we're gonna wrap up. This video right by law law right here and some I'll see you later."
160,annoy_3,0.2,0.5,0.2,0.496375,0.032340319,"So there guys there, you have it, I don't know why it's happening. I'm not particularly in angry person and I cannot control it. So yeah, I think we're gonna wrap up. This video right by law law right here and some I'll see you later."
161,annoy_3,0.5,0.5,0.2,0.496397516,0.032240363,Bye bye bye.
162,annoy_3,0.5,0.5,0.2,0.496419753,0.032141328,Bye bye bye.
163,annoy_3,0.5,0.5,0.2,0.496441718,0.0320432,Bye bye bye.
164,annoy_3,0.11,0.5,0.11,0.494085366,0.04394383,Bye bye bye.
165,annoy_3,0.11,0.5,0.11,0.491757576,0.053041074, 
166,annoy_3,0.11,0.5,0.11,0.489457831,0.06061559, 
167,annoy_3,0.11,0.5,0.11,0.487185629,0.067188695, 
168,annoy_3,0.11,0.5,0.11,0.484940476,0.073035116, 
169,annoy_3,0.11,0.5,0.11,0.482721893,0.078321222, 
170,annoy_3,0.11,0.5,0.11,0.480529412,0.083157096, 
171,annoy_3,0.11,0.5,0.11,0.478362573,0.087620221, 
172,annoy_3,0.11,0.5,0.11,0.47622093,0.091767683, 
173,annoy_3,0.11,0.5,0.11,0.474104046,0.095643054, 
174,annoy_3,0.11,0.5,0.11,0.472011494,0.099280533, 
175,annoy_3,0.11,0.5,0.11,0.469942857,0.102707581, 
1,joy_10,0.5,0.5,0.5,0.5,0,0
2,joy_10,0.5,0.5,0.5,0.5,0,0
3,joy_10,0.5,0.5,0.5,0.5,0,0
4,joy_10,0.5,0.5,0.5,0.5,0,0
5,joy_10,0.5,0.5,0.5,0.5,0,0
6,joy_10,0.5,0.5,0.5,0.5,0,0
7,joy_10,0.5,0.5,0.5,0.5,0,0
8,joy_10,0.5,0.5,0.5,0.5,0,0
9,joy_10,0.5,0.5,0.5,0.5,0,0
10,joy_10,0.5,0.5,0.5,0.5,0,0
11,joy_10,0.5,0.5,0.5,0.5,0,0
12,joy_10,0.5,0.5,0.5,0.5,0,0
13,joy_10,0.5,0.5,0.5,0.5,0,0
14,joy_10,0.5,0.5,0.5,0.5,0,0
15,joy_10,0.5,0.5,0.5,0.5,0,0
16,joy_10,0.5,0.5,0.5,0.5,0,0
17,joy_10,0.5,0.5,0.5,0.5,0,0
18,joy_10,0.5,0.5,0.5,0.5,0,0
19,joy_10,0.5,0.5,0.5,0.5,0,0
20,joy_10,0.5,0.5,0.5,0.5,0,0
21,joy_10,0.5,0.5,0.5,0.5,0,0
22,joy_10,0.5,0.5,0.5,0.5,0,0
23,joy_10,0.5,0.5,0.5,0.5,0,0
24,joy_10,0.5,0.5,0.5,0.5,0,0
25,joy_10,0.5,0.5,0.5,0.5,0,0
26,joy_10,0.5,0.5,0.5,0.5,0,0
27,joy_10,0.5,0.5,0.5,0.5,0,0
28,joy_10,0.78,0.78,0.5,0.51,0.052915026,"A flicker this is Rachel or happily MIT and night. You are in for a real treat because I am bored and one of the things that I like to do when I'm bored is to play the piano, so because I've only got around 90 seconds or so you're going to get the intro line to a song that I think has a really beautiful melody, so bonus points to you if you know what this is OK."
29,joy_10,0.5,0.78,0.5,0.509655172,0.051994695,"It's not that exciting, but it gets me through my day so that's all for now take care. Bye."
30,joy_10,0.5,0.78,0.5,0.509333333,0.051120772,"It's not that exciting, but it gets me through my day so that's all for now take care. Bye."
31,joy_10,0.5,0.78,0.5,0.509032258,0.050289485,"It's not that exciting, but it gets me through my day so that's all for now take care. Bye."
32,joy_10,0.5,0.78,0.5,0.50875,0.049497475,"It's not that exciting, but it gets me through my day so that's all for now take care. Bye."
33,joy_10,0.5,0.78,0.5,0.508484848,0.048741744,"It's not that exciting, but it gets me through my day so that's all for now take care. Bye."
34,joy_10,0.5,0.78,0.5,0.508235294,0.048019604,"It's not that exciting, but it gets me through my day so that's all for now take care. Bye."
35,joy_10,0.5,0.78,0.5,0.508,0.047328638,"It's not that exciting, but it gets me through my day so that's all for now take care. Bye."
36,joy_10,0.5,0.78,0.5,0.507777778,0.046666667,"It's not that exciting, but it gets me through my day so that's all for now take care. Bye."
37,joy_10,0.5,0.78,0.5,0.507567568,0.046031716,"It's not that exciting, but it gets me through my day so that's all for now take care. Bye."
38,joy_10,0.5,0.78,0.5,0.507368421,0.045421998,"It's not that exciting, but it gets me through my day so that's all for now take care. Bye."
39,joy_10,0.5,0.78,0.5,0.507179487,0.044835883,"It's not that exciting, but it gets me through my day so that's all for now take care. Bye."
40,joy_10,0.5,0.78,0.5,0.507,0.044271887,"It's not that exciting, but it gets me through my day so that's all for now take care. Bye."
41,joy_10,0.5,0.78,0.5,0.506829268,0.043728653,"It's not that exciting, but it gets me through my day so that's all for now take care. Bye."
42,joy_10,0.5,0.78,0.5,0.506666667,0.043204938,"It's not that exciting, but it gets me through my day so that's all for now take care. Bye."
43,joy_10,0.5,0.78,0.5,0.506511628,0.0426996,"It's not that exciting, but it gets me through my day so that's all for now take care. Bye."
44,joy_10,0.5,0.78,0.5,0.506363636,0.042211588,"It's not that exciting, but it gets me through my day so that's all for now take care. Bye."
45,joy_10,0.5,0.78,0.5,0.506222222,0.041739936,"It's not that exciting, but it gets me through my day so that's all for now take care. Bye."
46,joy_10,0.5,0.78,0.5,0.506086957,0.041283748,"It's not that exciting, but it gets me through my day so that's all for now take care. Bye."
47,joy_10,0.5,0.78,0.5,0.505957447,0.040842198,"It's not that exciting, but it gets me through my day so that's all for now take care. Bye."
48,joy_10,0.5,0.78,0.5,0.505833333,0.040414519,"It's not that exciting, but it gets me through my day so that's all for now take care. Bye."
49,joy_10,0.5,0.78,0.5,0.505714286,0.04,"It's not that exciting, but it gets me through my day so that's all for now take care. Bye."
50,joy_10,0.5,0.78,0.5,0.5056,0.03959798,"It's not that exciting, but it gets me through my day so that's all for now take care. Bye."
51,joy_10,0.5,0.78,0.5,0.505490196,0.039207842,"It's not that exciting, but it gets me through my day so that's all for now take care. Bye."
52,joy_10,0.5,0.78,0.5,0.505384615,0.038829014,"It's not that exciting, but it gets me through my day so that's all for now take care. Bye."
53,joy_10,0.5,0.78,0.5,0.505283019,0.038460958,"It's not that exciting, but it gets me through my day so that's all for now take care. Bye."
54,joy_10,0.5,0.78,0.5,0.505185185,0.038103174,"It's not that exciting, but it gets me through my day so that's all for now take care. Bye."
55,joy_10,0.5,0.78,0.5,0.505090909,0.037755192,"It's not that exciting, but it gets me through my day so that's all for now take care. Bye."
56,joy_10,0.5,0.78,0.5,0.505,0.037416574,"It's not that exciting, but it gets me through my day so that's all for now take care. Bye."
57,joy_10,0.5,0.78,0.5,0.504912281,0.037086906,"It's not that exciting, but it gets me through my day so that's all for now take care. Bye."
58,joy_10,0.5,0.78,0.5,0.504827586,0.036765801,"It's not that exciting, but it gets me through my day so that's all for now take care. Bye."
59,joy_10,0.5,0.78,0.5,0.504745763,0.036452895,"It's not that exciting, but it gets me through my day so that's all for now take care. Bye."
60,joy_10,0.5,0.78,0.5,0.504666667,0.036147845,"It's not that exciting, but it gets me through my day so that's all for now take care. Bye."
61,joy_10,0.5,0.78,0.5,0.504590164,0.035850326,"It's not that exciting, but it gets me through my day so that's all for now take care. Bye."
62,joy_10,0.5,0.78,0.5,0.504516129,0.035560036,"It's not that exciting, but it gets me through my day so that's all for now take care. Bye."
63,joy_10,0.5,0.78,0.5,0.504444444,0.035276684,"It's not that exciting, but it gets me through my day so that's all for now take care. Bye."
64,joy_10,0.5,0.78,0.5,0.504375,0.035,"It's not that exciting, but it gets me through my day so that's all for now take care. Bye."
65,joy_10,0.5,0.78,0.5,0.504307692,0.034729726,"It's not that exciting, but it gets me through my day so that's all for now take care. Bye."
66,joy_10,0.5,0.78,0.5,0.504242424,0.034465617,"It's not that exciting, but it gets me through my day so that's all for now take care. Bye."
67,joy_10,0.5,0.78,0.5,0.504179104,0.034207444,"It's not that exciting, but it gets me through my day so that's all for now take care. Bye."
68,joy_10,0.5,0.78,0.5,0.504117647,0.033954988,"It's not that exciting, but it gets me through my day so that's all for now take care. Bye."
69,joy_10,0.82,0.82,0.5,0.508695652,0.05081434,"It's not that exciting, but it gets me through my day so that's all for now take care. Bye."
1,Anger_1,0.5,0.5,0.5,0.5,0,0
2,Anger_1,0.5,0.5,0.5,0.5,0,0
3,Anger_1,0.5,0.5,0.5,0.5,0,Cookie here Kevin.
4,Anger_1,0.5,0.5,0.5,0.5,0,You know it's day after day of the same old ****.
5,Anger_1,0.5,0.5,0.5,0.5,0,You know it's day after day of the same old ****.
6,Anger_1,0.5,0.5,0.5,0.5,0,You know it's day after day of the same old ****.
7,Anger_1,0.27,0.5,0.27,0.467142857,0.086931829,You know it's day after day of the same old ****.
8,Anger_1,0.5,0.5,0.27,0.47125,0.08131728,Fuqing drive here drive their ******* traffic here traffic ******* bear looking traffic everywhere. You know 'cause. We gotta do something about this.
9,Anger_1,0.5,0.5,0.27,0.474444444,0.076666667,Fuqing drive here drive their ******* traffic here traffic ******* bear looking traffic everywhere. You know 'cause. We gotta do something about this.
10,Anger_1,0.5,0.5,0.27,0.477,0.072732386,Fuqing drive here drive their ******* traffic here traffic ******* bear looking traffic everywhere. You know 'cause. We gotta do something about this.
11,Anger_1,0.5,0.5,0.27,0.479090909,0.069347609,Fuqing drive here drive their ******* traffic here traffic ******* bear looking traffic everywhere. You know 'cause. We gotta do something about this.
12,Anger_1,0.5,0.5,0.27,0.480833333,0.066395281,Fuqing drive here drive their ******* traffic here traffic ******* bear looking traffic everywhere. You know 'cause. We gotta do something about this.
13,Anger_1,0.5,0.5,0.27,0.482307692,0.063790523,Fuqing drive here drive their ******* traffic here traffic ******* bear looking traffic everywhere. You know 'cause. We gotta do something about this.
14,Anger_1,0.5,0.5,0.27,0.483571429,0.061470086,Fuqing drive here drive their ******* traffic here traffic ******* bear looking traffic everywhere. You know 'cause. We gotta do something about this.
15,Anger_1,0.5,0.5,0.27,0.484666667,0.059385745,Fuqing drive here drive their ******* traffic here traffic ******* bear looking traffic everywhere. You know 'cause. We gotta do something about this.
16,Anger_1,0.5,0.5,0.27,0.485625,0.0575,Fuqing drive here drive their ******* traffic here traffic ******* bear looking traffic everywhere. You know 'cause. We gotta do something about this.
17,Anger_1,0.5,0.5,0.27,0.486470588,0.055783194,Fuqing drive here drive their ******* traffic here traffic ******* bear looking traffic everywhere. You know 'cause. We gotta do something about this.
18,Anger_1,0.5,0.5,0.27,0.487222222,0.05421152,Fuqing drive here drive their ******* traffic here traffic ******* bear looking traffic everywhere. You know 'cause. We gotta do something about this.
19,Anger_1,0.5,0.5,0.27,0.487894737,0.052765619,Fuqing drive here drive their ******* traffic here traffic ******* bear looking traffic everywhere. You know 'cause. We gotta do something about this.
20,Anger_1,0.11,0.5,0.11,0.469,0.098883238,Fuqing drive here drive their ******* traffic here traffic ******* bear looking traffic everywhere. You know 'cause. We gotta do something about this.
21,Anger_1,0.5,0.5,0.11,0.47047619,0.096616572,We gotta get right Kevin We gotta get right.
22,Anger_1,0.5,0.5,0.11,0.471818182,0.09449799,We gotta get right Kevin We gotta get right.
23,Anger_1,0.24,0.5,0.11,0.46173913,0.104213599,We gotta get right Kevin We gotta get right.
24,Anger_1,0.5,0.5,0.11,0.463333333,0.102221697,This is what you gotta do capital local gonna have local turn up cabin.
25,Anger_1,0.5,0.5,0.11,0.4648,0.100337763,This is what you gotta do capital local gonna have local turn up cabin.
26,Anger_1,0.5,0.5,0.11,0.466153846,0.098552602,This is what you gotta do capital local gonna have local turn up cabin.
27,Anger_1,0.5,0.5,0.11,0.467407407,0.096858048,This is what you gotta do capital local gonna have local turn up cabin.
28,Anger_1,0.5,0.5,0.11,0.468571429,0.095246825,Talking pocket back Kevin.
29,Anger_1,0.93,0.93,0.11,0.484482759,0.126845975,Talking pocket back Kevin.
30,Anger_1,0.5,0.93,0.11,0.485,0.124671983,Unload on these niggaz Kevin Unload.
31,Anger_1,0.5,0.93,0.11,0.485483871,0.122606109,Unload on these niggaz Kevin Unload.
32,Anger_1,0.5,0.93,0.11,0.4859375,0.120639676,Unload on these niggaz Kevin Unload.
33,Anger_1,0.13,0.93,0.11,0.475151515,0.133933781,Unload on these niggaz Kevin Unload.
34,Anger_1,0.13,0.93,0.11,0.465,0.144563083, 
35,Anger_1,0.13,0.93,0.11,0.455428571,0.1532653, 
36,Anger_1,0.13,0.93,0.11,0.446388889,0.160501941, 
37,Anger_1,0.13,0.93,0.11,0.437837838,0.166585566, 
38,Anger_1,0.13,0.93,0.11,0.429736842,0.171739697, 
39,Anger_1,0.13,0.93,0.11,0.422051282,0.176130626, 
40,Anger_1,0.13,0.93,0.11,0.41475,0.179885826, 
41,Anger_1,0.13,0.93,0.11,0.407804878,0.183105328, 
42,Anger_1,0.13,0.93,0.11,0.401190476,0.185869117, 
43,Anger_1,0.13,0.93,0.11,0.394883721,0.188242145, 
44,Anger_1,0.13,0.93,0.11,0.388863636,0.190277837, 
45,Anger_1,0.13,0.93,0.11,0.383111111,0.192020622, 
46,Anger_1,0.13,0.93,0.11,0.377608696,0.193507792, 
47,Anger_1,0.13,0.93,0.11,0.372340426,0.194770911, 
48,Anger_1,0.13,0.93,0.11,0.367291667,0.195836879, 
49,Anger_1,0.13,0.93,0.11,0.36244898,0.196728775, 
50,Anger_1,0.13,0.93,0.11,0.3578,0.197466505, 
51,Anger_1,0.13,0.93,0.11,0.353333333,0.198067329, 
52,Anger_1,0.13,0.93,0.11,0.349038462,0.198546282, 
53,Anger_1,0.13,0.93,0.11,0.34490566,0.198916514, 
54,Anger_1,0.13,0.93,0.11,0.340925926,0.19918957, 
55,Anger_1,0.13,0.93,0.11,0.337090909,0.199375625, 
56,Anger_1,0.13,0.93,0.11,0.333392857,0.199483668, 
57,Anger_1,0.13,0.93,0.11,0.329824561,0.199521671, 
58,Anger_1,0.13,0.93,0.11,0.32637931,0.19949672, 
59,Anger_1,0.13,0.93,0.11,0.323050847,0.19941513, 
1,joy_5,0.5,0.5,0.5,0.5,0,0
2,joy_5,0.5,0.5,0.5,0.5,0,0
3,joy_5,0.5,0.5,0.5,0.5,0,0
4,joy_5,0.5,0.5,0.5,0.5,0,0
5,joy_5,0.5,0.5,0.5,0.5,0,0
6,joy_5,0.5,0.5,0.5,0.5,0,0
7,joy_5,0.5,0.5,0.5,0.5,0,0
8,joy_5,0.5,0.5,0.5,0.5,0,0
9,joy_5,0.5,0.5,0.5,0.5,0,0
10,joy_5,0.5,0.5,0.5,0.5,0,0
11,joy_5,0.5,0.5,0.5,0.5,0,0
12,joy_5,0.5,0.5,0.5,0.5,0,0
13,joy_5,0.5,0.5,0.5,0.5,0,0
14,joy_5,0.5,0.5,0.5,0.5,0,0
15,joy_5,0.5,0.5,0.5,0.5,0,0
16,joy_5,0.06,0.5,0.06,0.4725,0.11,"They need parking lot parking lot an after prom recklessly in the strangest thing. It was just in here, he would have to fall in love with me."
17,joy_5,0.5,0.5,0.06,0.474117647,0.106715675,Smash my car.
18,joy_5,0.5,0.5,0.06,0.475555556,0.103708995,Smash my car.
19,joy_5,0.5,0.5,0.06,0.476842105,0.100942923,Smash my car.
20,joy_5,0.5,0.5,0.06,0.478,0.098386991,Smash my car.
21,joy_5,0.5,0.5,0.06,0.479047619,0.096015872,Smash my car.
22,joy_5,0.5,0.5,0.06,0.48,0.093808315,Smash my car.
23,joy_5,0.5,0.5,0.06,0.480869565,0.091746342,Smash my car.
24,joy_5,0.5,0.5,0.06,0.481666667,0.089814624,Smash my car.
25,joy_5,0.5,0.5,0.06,0.4824,0.088,Smash my car.
26,joy_5,0.5,0.5,0.06,0.483076923,0.086291099,Smash my car.
27,joy_5,0.5,0.5,0.06,0.483703704,0.084678039,Smash my car.
28,joy_5,0.5,0.5,0.06,0.484285714,0.083152184,Smash my car.
29,joy_5,0.5,0.5,0.06,0.484827586,0.081705949,Smash my car.
30,joy_5,0.5,0.5,0.06,0.485333333,0.080332642,Smash my car.
31,joy_5,0.5,0.5,0.06,0.485806452,0.079026333,Smash my car.
32,joy_5,0.5,0.5,0.06,0.48625,0.077781746,Smash my car.
33,joy_5,0.5,0.5,0.06,0.486666667,0.076594169,Smash my car.
34,joy_5,0.5,0.5,0.06,0.487058824,0.075459377,Smash my car.
35,joy_5,0,0.5,0,0.473142857,0.110925821,Smash my car.
36,joy_5,0.5,0.5,0,0.473888889,0.109421277,The man who may be bloody hell fell in love.
37,joy_5,0.5,0.5,0,0.474594595,0.107976196,The man who may be bloody hell fell in love.
38,joy_5,0.5,0.5,0,0.475263158,0.106586771,The man who may be bloody hell fell in love.
39,joy_5,0.5,0.5,0,0.475897436,0.105249527,The man who may be bloody hell fell in love.
40,joy_5,0.5,0.5,0,0.4765,0.103961285,The man who may be bloody hell fell in love.
41,joy_5,0.5,0.5,0,0.477073171,0.102719129,The man who may be bloody hell fell in love.
42,joy_5,0.5,0.5,0,0.477619048,0.101520382,The man who may be bloody hell fell in love.
43,joy_5,0.5,0.5,0,0.478139535,0.100362576,The man who may be bloody hell fell in love.
44,joy_5,0.5,0.5,0,0.478636364,0.099243438,The man who may be bloody hell fell in love.
45,joy_5,0.5,0.5,0,0.479111111,0.098160866,The man who may be bloody hell fell in love.
46,joy_5,0.5,0.5,0,0.479565217,0.097112913,The man who may be bloody hell fell in love.
47,joy_5,0.09,0.5,0,0.471276596,0.111601329,The man who may be bloody hell fell in love.
48,joy_5,0.09,0.5,0,0.463333333,0.12336304, 