video_id,smile,gender,anger,contempt,disgust,fear,happiness,neutral,sadness,surprise,time,type,tag_video_id,tag_video_time,tag_video_labe,tag_video_type
sad_4,0.001,female,0,0,0,0,0.001,0.832,0.166,0,1,sad,sad_4,1,Sad,0
sad_4,0.044,female,0.001,0.014,0.035,0.003,0.044,0.085,0.818,0,2,sad,sad_4,2,Sad,0
sad_4,0,female,0,0.001,0,0,0,0.397,0.602,0,3,sad,sad_4,3,Sad,0
sad_4,0.001,female,0,0.004,0,0,0.001,0.76,0.235,0,4,sad,sad_4,4,Sad,0
sad_4,0.009,female,0,0.015,0,0,0.009,0.887,0.088,0,5,sad,sad_4,5,Sad,0
sad_4,0.049,female,0,0.002,0,0.001,0.049,0.514,0.433,0.001,6,sad,sad_4,6,Sad,0
sad_4,0.001,female,0,0.003,0,0,0.001,0.488,0.509,0,7,sad,sad_4,7,Sad,0
sad_4,0.01,female,0,0,0,0,0.01,0.909,0.075,0.005,8,sad,sad_4,8,Sad,0
sad_4,0.014,female,0,0,0,0,0.014,0.025,0.96,0,9,sad,sad_4,9,Sad,0
sad_4,0.001,female,0,0.001,0,0,0.001,0.781,0.217,0,10,sad,sad_4,10,Sad,0
sad_4,0.017,female,0,0.023,0.005,0,0.017,0.867,0.088,0,11,sad,sad_4,11,Sad,0
sad_4,0.06,female,0,0.002,0,0,0.06,0.932,0.006,0,12,sad,sad_4,12,Sad,0
sad_4,0.007,female,0,0,0,0,0.007,0.633,0.358,0.002,13,sad,sad_4,13,Sad,0
sad_4,0.047,female,0,0,0,0,0.047,0.001,0.952,0,14,sad,sad_4,14,Sad,0
sad_4,0.042,female,0,0.002,0.005,0,0.042,0.553,0.397,0,15,sad,sad_4,15,Sad,0
sad_4,0.002,female,0,0.005,0,0,0.002,0.684,0.309,0,16,sad,sad_4,16,Sad,0
sad_4,0.005,female,0,0.003,0,0,0.005,0.949,0.043,0,17,sad,sad_4,17,Sad,0
sad_4,0.006,female,0,0.003,0,0,0.006,0.749,0.241,0,18,sad,sad_4,18,Sad,0
sad_4,0.002,female,0,0.001,0,0.001,0.002,0.499,0.497,0,19,sad,sad_4,19,Sad,0
sad_4,0.133,female,0,0,0,0.001,0.133,0.018,0.848,0,20,sad,sad_4,20,Sad,0
sad_4,0.1,female,0,0,0,0.001,0.1,0.009,0.888,0,21,sad,sad_4,21,Sad,0
sad_4,0.001,female,0.001,0,0,0.001,0.001,0.906,0.089,0.003,22,sad,sad_4,22,Sad,0
sad_4,0,female,0,0,0,0,0,0.184,0.815,0,23,sad,sad_4,23,Sad,0
sad_4,0.002,female,0,0,0,0,0.002,0.001,0.996,0,24,sad,sad_4,24,Sad,0
sad_4,0,female,0,0,0,0,0,0,1,0,25,sad,sad_4,25,Sad,0
sad_4,0,female,0,0,0,0,0,0,1,0,26,sad,sad_4,26,Neutral,0.5
sad_4,0,0,0,0,0,0,0,0,0,0,27,sad,sad_4,27,Neutral,0.5
sad_4,0,0,0,0,0,0,0,0,0,0,28,sad,sad_4,28,Neutral,0.5
sad_4,0,0,0,0,0,0,0,0,0,0,29,sad,sad_4,29,Neutral,0.5
sad_4,0,0,0,0,0,0,0,0,0,0,30,sad,sad_4,30,Neutral,0.5
joy_8,0,0,0,0,0,0,0,0,0,0,1,happy,joy_8,1,Neutral,0.5
joy_8,0,0,0,0,0,0,0,0,0,0,2,happy,joy_8,2,Neutral,0.5
joy_8,0,0,0,0,0,0,0,0,0,0,3,happy,joy_8,3,Neutral,0.5
joy_8,0,0,0,0,0,0,0,0,0,0,4,happy,joy_8,4,Neutral,0.5
joy_8,0,0,0,0,0,0,0,0,0,0,5,happy,joy_8,5,Neutral,0.5
joy_8,0,0,0,0,0,0,0,0,0,0,6,happy,joy_8,6,Neutral,0.5
joy_8,0,0,0,0,0,0,0,0,0,0,7,happy,joy_8,7,Neutral,0.5
joy_8,0,0,0,0,0,0,0,0,0,0,8,happy,joy_8,8,Neutral,0.5
joy_8,0.001,male,0.001,0,0,0.001,0.001,0.785,0.001,0.209,9,happy,joy_8,9,Neutral,0.5
joy_8,0.052,female,0,0.001,0,0,0.052,0.942,0.002,0.003,10,happy,joy_8,10,Neutral,0.5
joy_8,0.425,female,0,0,0,0,0.425,0.574,0,0,11,happy,joy_8,11,Neutral,0.5
joy_8,0.418,female,0,0,0,0,0.418,0.579,0,0.002,12,happy,joy_8,12,Neutral,0.5
joy_8,0,male,0,0,0,0,0,0.999,0.001,0,13,happy,joy_8,13,Neutral,0.5
joy_8,0,0,0,0,0,0,0,0,0,0,14,happy,joy_8,14,Neutral,0.5
joy_8,0,0,0,0,0,0,0,0,0,0,15,happy,joy_8,15,Neutral,0.5
joy_8,0,0,0,0,0,0,0,0,0,0,16,happy,joy_8,16,Neutral,0.5
joy_8,0.92,female,0,0,0,0,0.92,0.08,0,0,17,happy,joy_8,17,Neutral,0.5
joy_8,0,0,0,0,0,0,0,0,0,0,18,happy,joy_8,18,Neutral,0.5
joy_8,0,0,0,0,0,0,0,0,0,0,19,happy,joy_8,19,Neutral,0.5
joy_8,0,0,0,0,0,0,0,0,0,0,20,happy,joy_8,20,Neutral,0.5
joy_8,0,0,0,0,0,0,0,0,0,0,21,happy,joy_8,21,Neutral,0.5
joy_8,0,0,0,0,0,0,0,0,0,0,22,happy,joy_8,22,Happy,1
joy_8,0,0,0,0,0,0,0,0,0,0,23,happy,joy_8,23,Happy,1
joy_8,0.984,female,0,0.001,0,0,0.984,0.015,0,0,24,happy,joy_8,24,Happy,1
joy_8,1,female,0,0,0,0,1,0,0,0,25,happy,joy_8,25,Happy,1
joy_8,1,male,0,0,0,0,1,0,0,0,26,happy,joy_8,26,Happy,1
joy_8,0.868,female,0,0.002,0,0,0.868,0.13,0,0,27,happy,joy_8,27,Happy,1
joy_8,1,female,0,0,0,0,1,0,0,0,28,happy,joy_8,28,Happy,1
joy_8,0,0,0,0,0,0,0,0,0,0,29,happy,joy_8,29,Happy,1
joy_8,1,female,0,0,0,0,1,0,0,0,30,happy,joy_8,30,Happy,1
joy_8,1,male,0,0,0,0,1,0,0,0,31,happy,joy_8,31,Happy,1
joy_8,1,female,0,0,0,0,1,0,0,0,32,happy,joy_8,32,Happy,1
joy_8,1,female,0,0,0,0,1,0,0,0,33,happy,joy_8,33,Happy,1
joy_8,1,female,0,0,0,0,1,0,0,0,34,happy,joy_8,34,Neutral,0.5
joy_8,0,0,0,0,0,0,0,0,0,0,35,happy,joy_8,35,Happy,1
joy_8,0,0,0,0,0,0,0,0,0,0,36,happy,joy_8,36,Neutral,0.5
joy_8,0.028,male,0,0.001,0,0,0.028,0.969,0.002,0,37,happy,joy_8,37,Happy,1
joy_8,0.998,male,0.001,0,0,0,0.998,0,0,0,38,happy,joy_8,38,Happy,1
joy_8,0.999,male,0.001,0,0,0,0.999,0,0,0,39,happy,joy_8,39,Happy,1
joy_8,0.999,female,0.001,0,0,0,0.999,0,0,0,40,happy,joy_8,40,Happy,1
joy_8,0.843,male,0.033,0,0.001,0,0.843,0,0,0.123,41,happy,joy_8,41,Happy,1
joy_8,0.949,male,0,0.007,0,0,0.949,0.044,0,0,42,happy,joy_8,42,Happy,1
joy_8,0.959,male,0,0.001,0,0,0.959,0.04,0,0,43,happy,joy_8,43,Happy,1
joy_8,1,female,0,0,0,0,1,0,0,0,44,happy,joy_8,44,Happy,1
joy_8,1,female,0,0,0,0,1,0,0,0,45,happy,joy_8,45,Happy,1
joy_8,0.75,female,0.231,0,0,0.009,0.75,0.001,0,0.007,46,happy,joy_8,46,Happy,1
joy_8,0.998,female,0,0,0,0,0.998,0,0.002,0,47,happy,joy_8,47,Happy,1
joy_8,0.785,male,0.128,0.001,0.07,0,0.785,0.011,0.004,0,48,happy,joy_8,48,Happy,1
joy_8,0.997,male,0,0,0,0,0.997,0,0,0.003,49,happy,joy_8,49,Happy,1
joy_8,0.966,male,0.011,0,0.023,0,0.966,0,0,0,50,happy,joy_8,50,Happy,1
joy_8,1,male,0,0,0,0,1,0,0,0,51,happy,joy_8,51,Happy,1
joy_8,0.872,male,0.041,0,0,0,0.872,0,0,0.087,52,happy,joy_8,52,Happy,1
joy_8,0.852,female,0.119,0,0,0.011,0.852,0,0,0.018,53,happy,joy_8,53,Happy,1
joy_8,0,0,0,0,0,0,0,0,0,0,54,happy,joy_8,54,Happy,1
joy_8,0,0,0,0,0,0,0,0,0,0,55,happy,joy_8,55,Happy,1
joy_8,1,male,0,0,0,0,1,0,0,0,56,happy,joy_8,56,Happy,1
joy_8,1,male,0,0,0,0,1,0,0,0,57,happy,joy_8,57,Happy,1
joy_8,0.607,male,0,0,0,0,0.607,0.392,0,0,58,happy,joy_8,58,Happy,1
joy_8,1,male,0,0,0,0,1,0,0,0,59,happy,joy_8,59,Happy,1
joy_8,1,female,0,0,0,0,1,0,0,0,60,happy,joy_8,60,Happy,1
joy_8,1,female,0,0,0,0,1,0,0,0,61,happy,joy_8,61,Happy,1
joy_8,1,female,0,0,0,0,1,0,0,0,62,happy,joy_8,62,Happy,1
joy_8,1,female,0,0,0,0,1,0,0,0,63,happy,joy_8,63,Happy,1
joy_8,1,male,0,0,0,0,1,0,0,0,64,happy,joy_8,64,Happy,1
sad_3,0,female,0,0,0,0,0,0.92,0.08,0,1,sad,sad_3,1,Neutral,0.5
sad_3,0,female,0,0,0,0,0,0.976,0.024,0,2,sad,sad_3,2,Neutral,0.5
sad_3,0,0,0,0,0,0,0,0,0,0,3,sad,sad_3,3,Neutral,0.5
sad_3,0,female,0,0,0,0,0,0.971,0.029,0,4,sad,sad_3,4,Neutral,0.5
sad_3,0,female,0,0,0,0,0,0.943,0.057,0,5,sad,sad_3,5,Neutral,0.5
sad_3,0,female,0,0,0,0,0,0.958,0.042,0,6,sad,sad_3,6,Neutral,0.5
sad_3,0,female,0,0,0,0,0,0.964,0.036,0,7,sad,sad_3,7,Sad,0
sad_3,0,0,0,0,0,0,0,0,0,0,8,sad,sad_3,8,Sad,0
sad_3,0,0,0,0,0,0,0,0,0,0,9,sad,sad_3,9,Sad,0
sad_3,0,female,0,0,0,0,0,0.576,0.424,0,10,sad,sad_3,10,Sad,0
sad_3,0,female,0,0,0,0,0,0.685,0.315,0,11,sad,sad_3,11,Sad,0
sad_3,0,female,0,0,0,0,0,0.687,0.312,0,12,sad,sad_3,12,Sad,0
sad_3,0,female,0,0,0,0,0,0.866,0.116,0.018,13,sad,sad_3,13,Sad,0
sad_3,0,0,0,0,0,0,0,0,0,0,14,sad,sad_3,14,Neutral,0.5
sad_3,0,0,0,0,0,0,0,0,0,0,15,sad,sad_3,15,Neutral,0.5
sad_3,0,0,0,0,0,0,0,0,0,0,16,sad,sad_3,16,Neutral,0.5
sad_3,0,0,0,0,0,0,0,0,0,0,17,sad,sad_3,17,Neutral,0.5
sad_3,0,0,0,0,0,0,0,0,0,0,18,sad,sad_3,18,Neutral,0.5
sad_3,0,0,0,0,0,0,0,0,0,0,19,sad,sad_3,19,Neutral,0.5
sad_3,0,0,0,0,0,0,0,0,0,0,20,sad,sad_3,20,Neutral,0.5
joy_10,1,female,0,0,0,0,1,0,0,0,1,happy,joy_10,1,Happy,1
joy_10,1,female,0,0,0,0,1,0,0,0,2,happy,joy_10,2,Happy,1
joy_10,0.821,female,0,0.001,0,0,0.821,0.178,0,0,3,happy,joy_10,3,Happy,1
joy_10,1,female,0,0,0,0,1,0,0,0,4,happy,joy_10,4,Happy,1
joy_10,1,female,0,0,0,0,1,0,0,0,5,happy,joy_10,5,Happy,1
joy_10,0.746,female,0,0.001,0,0,0.746,0.253,0,0,6,happy,joy_10,6,Happy,1
joy_10,0.978,female,0,0,0,0,0.978,0.022,0,0,7,happy,joy_10,7,Happy,1
joy_10,0.731,female,0,0.001,0,0,0.731,0.264,0.003,0.001,8,happy,joy_10,8,Happy,1
joy_10,1,female,0,0,0,0,1,0,0,0,9,happy,joy_10,9,Happy,1
joy_10,0.975,female,0.002,0.001,0.001,0,0.975,0.018,0.003,0.002,10,happy,joy_10,10,Happy,1
joy_10,0.861,female,0,0.001,0,0,0.861,0.138,0,0,11,happy,joy_10,11,Happy,1
joy_10,1,female,0,0,0,0,1,0,0,0,12,happy,joy_10,12,Happy,1
joy_10,1,female,0,0,0,0,1,0,0,0,13,happy,joy_10,13,Happy,1
joy_10,0.562,female,0,0.002,0,0,0.562,0.435,0,0.001,14,happy,joy_10,14,Happy,1
joy_10,0.113,female,0,0.001,0,0,0.113,0.882,0.002,0,15,happy,joy_10,15,Happy,1
joy_10,0.978,female,0,0.001,0,0,0.978,0.021,0,0,16,happy,joy_10,16,Happy,1
joy_10,0.812,female,0,0,0,0,0.812,0.186,0,0.002,17,happy,joy_10,17,Happy,1
joy_10,0.676,female,0,0.001,0,0,0.676,0.318,0,0.005,18,happy,joy_10,18,Happy,1
joy_10,1,female,0,0,0,0,1,0,0,0,19,happy,joy_10,19,Happy,1
joy_10,1,female,0,0,0,0,1,0,0,0,20,happy,joy_10,20,Happy,1
joy_10,0.812,female,0,0.001,0,0,0.812,0.185,0.001,0,21,happy,joy_10,21,Happy,1
joy_10,1,female,0,0,0,0,1,0,0,0,22,happy,joy_10,22,Happy,1
joy_10,1,female,0,0,0,0,1,0,0,0,23,happy,joy_10,23,Happy,1
joy_10,0.662,female,0,0.002,0,0,0.662,0.336,0,0,24,happy,joy_10,24,Happy,1
joy_10,0.314,female,0.014,0.003,0.004,0,0.314,0.662,0.003,0.001,25,happy,joy_10,25,Happy,1
joy_10,0.991,female,0,0,0,0,0.991,0.008,0,0,26,happy,joy_10,26,Happy,1
joy_10,0.996,female,0,0,0,0,0.996,0.003,0,0,27,happy,joy_10,27,Happy,1
joy_10,0,0,0,0,0,0,0,0,0,0,28,happy,joy_10,28,Neutral,0.5
joy_10,0,0,0,0,0,0,0,0,0,0,29,happy,joy_10,29,Neutral,0.5
joy_10,0,0,0,0,0,0,0,0,0,0,30,happy,joy_10,30,Neutral,0.5
joy_10,0,0,0,0,0,0,0,0,0,0,31,happy,joy_10,31,Neutral,0.5
joy_10,0,0,0,0,0,0,0,0,0,0,32,happy,joy_10,32,Neutral,0.5
joy_10,0,0,0,0,0,0,0,0,0,0,33,happy,joy_10,33,Neutral,0.5
joy_10,0,0,0,0,0,0,0,0,0,0,34,happy,joy_10,34,Neutral,0.5
joy_10,0,0,0,0,0,0,0,0,0,0,35,happy,joy_10,35,Neutral,0.5
joy_10,0,0,0,0,0,0,0,0,0,0,36,happy,joy_10,36,Neutral,0.5
joy_10,0,0,0,0,0,0,0,0,0,0,37,happy,joy_10,37,Neutral,0.5
joy_10,0,0,0,0,0,0,0,0,0,0,38,happy,joy_10,38,Neutral,0.5
joy_10,0,0,0,0,0,0,0,0,0,0,39,happy,joy_10,39,Neutral,0.5
joy_10,0,0,0,0,0,0,0,0,0,0,40,happy,joy_10,40,Neutral,0.5
joy_10,0,0,0,0,0,0,0,0,0,0,41,happy,joy_10,41,Neutral,0.5
joy_10,0,0,0,0,0,0,0,0,0,0,42,happy,joy_10,42,Neutral,0.5
joy_10,0,0,0,0,0,0,0,0,0,0,43,happy,joy_10,43,Neutral,0.5
joy_10,0,0,0,0,0,0,0,0,0,0,44,happy,joy_10,44,Neutral,0.5
joy_10,0,0,0,0,0,0,0,0,0,0,45,happy,joy_10,45,Neutral,0.5
joy_10,0,0,0,0,0,0,0,0,0,0,46,happy,joy_10,46,Neutral,0.5
joy_10,0,0,0,0,0,0,0,0,0,0,47,happy,joy_10,47,Neutral,0.5
joy_10,0,0,0,0,0,0,0,0,0,0,48,happy,joy_10,48,Neutral,0.5
joy_10,0,0,0,0,0,0,0,0,0,0,49,happy,joy_10,49,Neutral,0.5
joy_10,0,0,0,0,0,0,0,0,0,0,50,happy,joy_10,50,Neutral,0.5
joy_10,0,0,0,0,0,0,0,0,0,0,51,happy,joy_10,51,Neutral,0.5
joy_10,0,0,0,0,0,0,0,0,0,0,52,happy,joy_10,52,Neutral,0.5
joy_10,0,0,0,0,0,0,0,0,0,0,53,happy,joy_10,53,Neutral,0.5
joy_10,0,0,0,0,0,0,0,0,0,0,54,happy,joy_10,54,Neutral,0.5
joy_10,0,0,0,0,0,0,0,0,0,0,55,happy,joy_10,55,Neutral,0.5
joy_10,0,0,0,0,0,0,0,0,0,0,56,happy,joy_10,56,Neutral,0.5
joy_10,0,0,0,0,0,0,0,0,0,0,57,happy,joy_10,57,Neutral,0.5
joy_10,0,0,0,0,0,0,0,0,0,0,58,happy,joy_10,58,Neutral,0.5
joy_10,0,0,0,0,0,0,0,0,0,0,59,happy,joy_10,59,Neutral,0.5
joy_10,0,0,0,0,0,0,0,0,0,0,60,happy,joy_10,60,Neutral,0.5
joy_10,0,0,0,0,0,0,0,0,0,0,61,happy,joy_10,61,Neutral,0.5
joy_10,1,female,0,0,0,0,1,0,0,0,62,happy,joy_10,62,Neutral,0.5
joy_10,1,female,0,0,0,0,1,0,0,0,63,happy,joy_10,63,Happy,1
joy_10,1,female,0,0,0,0,1,0,0,0,64,happy,joy_10,64,Happy,1
joy_10,1,female,0,0,0,0,1,0,0,0,65,happy,joy_10,65,Happy,1
joy_10,1,female,0,0,0,0,1,0,0,0,66,happy,joy_10,66,Happy,1
joy_10,1,female,0,0,0,0,1,0,0,0,67,happy,joy_10,67,Happy,1
joy_10,0,0,0,0,0,0,0,0,0,0,68,happy,joy_10,68,Happy,1
joy_10,0.996,female,0,0.001,0,0,0.996,0.003,0,0,69,happy,joy_10,69,Happy,1
Anger_1,0,0,0,0,0,0,0,0,0,0,1,angry,Anger_1,1,Neutral,0.5
Anger_1,0,0,0,0,0,0,0,0,0,0,2,angry,Anger_1,2,Neutral,0.5
Anger_1,0,0,0,0,0,0,0,0,0,0,3,angry,Anger_1,3,Neutral,0.5
Anger_1,0,0,0,0,0,0,0,0,0,0,4,angry,Anger_1,4,Neutral,0.5
Anger_1,0,0,0,0,0,0,0,0,0,0,5,angry,Anger_1,5,Neutral,0.5
Anger_1,0,0,0,0,0,0,0,0,0,0,6,angry,Anger_1,6,Neutral,0.5
Anger_1,0.411,male,0.034,0.002,0.004,0,0.411,0.542,0.002,0.004,7,angry,Anger_1,7,Angry,0
Anger_1,0,0,0,0,0,0,0,0,0,0,8,angry,Anger_1,8,Neutral,0.5
Anger_1,0.823,male,0,0.001,0,0,0.823,0.172,0.003,0,9,angry,Anger_1,9,Neutral,0.5
Anger_1,0.713,male,0.088,0.001,0.002,0.001,0.713,0.191,0.001,0.003,10,angry,Anger_1,10,Neutral,0.5
Anger_1,0.012,male,0.447,0.001,0.007,0,0.012,0.531,0.001,0.001,11,angry,Anger_1,11,Neutral,0.5
Anger_1,0.375,male,0.614,0,0.004,0,0.375,0.005,0,0.001,12,angry,Anger_1,12,Neutral,0.5
Anger_1,0,0,0,0,0,0,0,0,0,0,13,angry,Anger_1,13,Neutral,0.5
Anger_1,0,0,0,0,0,0,0,0,0,0,14,angry,Anger_1,14,Angry,0
Anger_1,0,0,0,0,0,0,0,0,0,0,15,angry,Anger_1,15,Neutral,0.5
Anger_1,0,0,0,0,0,0,0,0,0,0,16,angry,Anger_1,16,Angry,0
Anger_1,0,0,0,0,0,0,0,0,0,0,17,angry,Anger_1,17,Neutral,0.5
Anger_1,0,0,0,0,0,0,0,0,0,0,18,angry,Anger_1,18,Neutral,0.5
Anger_1,0,0,0,0,0,0,0,0,0,0,19,angry,Anger_1,19,Neutral,0.5
Anger_1,0,0,0,0,0,0,0,0,0,0,20,angry,Anger_1,20,Neutral,0.5
Anger_1,0,0,0,0,0,0,0,0,0,0,21,angry,Anger_1,21,Neutral,0.5
Anger_1,0,0,0,0,0,0,0,0,0,0,22,angry,Anger_1,22,Neutral,0.5
Anger_1,0,0,0,0,0,0,0,0,0,0,23,angry,Anger_1,23,Neutral,0.5
Anger_1,0,0,0,0,0,0,0,0,0,0,24,angry,Anger_1,24,Neutral,0.5
Anger_1,0,0,0,0,0,0,0,0,0,0,25,angry,Anger_1,25,Neutral,0.5
Anger_1,0,0,0,0,0,0,0,0,0,0,26,angry,Anger_1,26,Neutral,0.5
Anger_1,0,0,0,0,0,0,0,0,0,0,27,angry,Anger_1,27,Neutral,0.5
Anger_1,0,0,0,0,0,0,0,0,0,0,28,angry,Anger_1,28,Neutral,0.5
Anger_1,0,0,0,0,0,0,0,0,0,0,29,angry,Anger_1,29,Neutral,0.5
Anger_1,0,0,0,0,0,0,0,0,0,0,30,angry,Anger_1,30,Neutral,0.5
Anger_1,0,0,0,0,0,0,0,0,0,0,31,angry,Anger_1,31,Angry,0
Anger_1,0,0,0,0,0,0,0,0,0,0,32,angry,Anger_1,32,Angry,0
Anger_1,0,0,0,0,0,0,0,0,0,0,33,angry,Anger_1,33,Angry,0
Anger_1,0,0,0,0,0,0,0,0,0,0,34,angry,Anger_1,34,Neutral,0.5
Anger_1,0,0,0,0,0,0,0,0,0,0,35,angry,Anger_1,35,Angry,0
Anger_1,0,0,0,0,0,0,0,0,0,0,36,angry,Anger_1,36,Angry,0
Anger_1,0,0,0,0,0,0,0,0,0,0,37,angry,Anger_1,37,Angry,0
Anger_1,0,0,0,0,0,0,0,0,0,0,38,angry,Anger_1,38,Neutral,0.5
Anger_1,0,0,0,0,0,0,0,0,0,0,39,angry,Anger_1,39,Angry,0
Anger_1,0,0,0,0,0,0,0,0,0,0,40,angry,Anger_1,40,Angry,0
Anger_1,0,0,0,0,0,0,0,0,0,0,41,angry,Anger_1,41,Angry,0
Anger_1,0,0,0,0,0,0,0,0,0,0,42,angry,Anger_1,42,Neutral,0.5
Anger_1,0,0,0,0,0,0,0,0,0,0,43,angry,Anger_1,43,Angry,0
Anger_1,0,0,0,0,0,0,0,0,0,0,44,angry,Anger_1,44,Angry,0
Anger_1,0,0,0,0,0,0,0,0,0,0,45,angry,Anger_1,45,Angry,0
Anger_1,0,0,0,0,0,0,0,0,0,0,46,angry,Anger_1,46,Angry,0
Anger_1,0,0,0,0,0,0,0,0,0,0,47,angry,Anger_1,47,Angry,0
Anger_1,0,0,0,0,0,0,0,0,0,0,48,angry,Anger_1,48,Angry,0
Anger_1,0,0,0,0,0,0,0,0,0,0,49,angry,Anger_1,49,Angry,0
Anger_1,0,0,0,0,0,0,0,0,0,0,50,angry,Anger_1,50,Neutral,0.5
Anger_1,0,0,0,0,0,0,0,0,0,0,51,angry,Anger_1,51,Angry,0
Anger_1,0,0,0,0,0,0,0,0,0,0,52,angry,Anger_1,52,Angry,0
Anger_1,0,0,0,0,0,0,0,0,0,0,53,angry,Anger_1,53,Angry,0
Anger_1,0,0,0,0,0,0,0,0,0,0,54,angry,Anger_1,54,Angry,0
Anger_1,0,0,0,0,0,0,0,0,0,0,55,angry,Anger_1,55,Angry,0
Anger_1,0,0,0,0,0,0,0,0,0,0,56,angry,Anger_1,56,Neutral,0.5
Anger_1,0,0,0,0,0,0,0,0,0,0,57,angry,Anger_1,57,Neutral,0.5
Anger_1,0,0,0,0,0,0,0,0,0,0,58,angry,Anger_1,58,Neutral,0.5
Anger_1,0,0,0,0,0,0,0,0,0,0,59,angry,Anger_1,59,Neutral,0
Anger_2,0,female,0,0,0,0,0,0.997,0.003,0.001,1,angry,Anger_2,1,Neutral,0.5
Anger_2,0,male,0.001,0,0,0,0,0.998,0.001,0,2,angry,Anger_2,2,Neutral,0.5
Anger_2,0.266,male,0,0,0,0,0.266,0.002,0.732,0,3,angry,Anger_2,3,Angry,0
Anger_2,0.008,male,0,0.001,0,0,0.008,0.292,0.699,0,4,angry,Anger_2,4,Angry,0
Anger_2,0.084,male,0,0.036,0,0,0.084,0.739,0.14,0,5,angry,Anger_2,5,Neutral,0.5
Anger_2,0.002,female,0,0,0,0,0.002,0.919,0.077,0.001,6,angry,Anger_2,6,Angry,0
Anger_2,0.005,male,0,0,0,0,0.005,0.551,0.444,0,7,angry,Anger_2,7,Neutral,0.5
Anger_2,0.028,male,0,0,0,0,0.028,0.478,0.494,0,8,angry,Anger_2,8,Angry,0
Anger_2,0.02,male,0,0,0,0,0.02,0.55,0.43,0,9,angry,Anger_2,9,Angry,0
Anger_2,0.026,male,0,0,0,0,0.026,0.08,0.893,0,10,angry,Anger_2,10,Angry,0
Anger_2,0.579,male,0,0.006,0,0,0.579,0.219,0.196,0,11,angry,Anger_2,11,Angry,0
Anger_2,0.045,female,0,0.002,0,0,0.045,0.861,0.092,0,12,angry,Anger_2,12,Neutral,0.5
Anger_2,0.003,male,0,0,0,0,0.003,0.992,0.002,0.004,13,angry,Anger_2,13,Neutral,0.5
Anger_2,0,0,0,0,0,0,0,0,0,0,14,angry,Anger_2,14,Neutral,0.5
Anger_2,0,0,0,0,0,0,0,0,0,0,15,angry,Anger_2,15,Neutral,0.5
Anger_2,0.001,female,0,0,0,0,0.001,0.825,0,0.174,16,angry,Anger_2,16,Neutral,0.5
Anger_2,0,female,0,0,0,0,0,0.993,0.002,0.005,17,angry,Anger_2,17,Neutral,0
Anger_3,0,0,0,0,0,0,0,0,0,0,1,angry,Anger_3,1,Neutral,0.5
Anger_3,0,0,0,0,0,0,0,0,0,0,2,angry,Anger_3,2,Neutral,0.5
Anger_3,0,0,0,0,0,0,0,0,0,0,3,angry,Anger_3,3,Anger,0
Anger_3,0.002,male,0.268,0.003,0.006,0.337,0.002,0.021,0.002,0.362,4,angry,Anger_3,4,Anger,0
Anger_3,0.001,male,0.173,0.013,0.006,0.124,0.001,0.1,0.001,0.583,5,angry,Anger_3,5,Anger,0
Anger_3,0,male,0.014,0.002,0.001,0.094,0,0.232,0.002,0.656,6,angry,Anger_3,6,Anger,0
Anger_3,0.001,male,0.058,0.003,0.001,0.195,0.001,0.316,0.003,0.424,7,angry,Anger_3,7,Anger,0
Anger_3,0,male,0.058,0.001,0.001,0.137,0,0.21,0.002,0.592,8,angry,Anger_3,8,Anger,0
Anger_3,0,0,0,0,0,0,0,0,0,0,9,angry,Anger_3,9,Anger,0
Anger_3,0,0,0,0,0,0,0,0,0,0,10,angry,Anger_3,10,Neutral,0.5
Anger_3,0,0,0,0,0,0,0,0,0,0,11,angry,Anger_3,11,Anger,0
Anger_3,0,0,0,0,0,0,0,0,0,0,12,angry,Anger_3,12,Anger,0
Anger_3,0,0,0,0,0,0,0,0,0,0,13,angry,Anger_3,13,Anger,0
Anger_3,0,0,0,0,0,0,0,0,0,0,14,angry,Anger_3,14,Neutral,0.5
Anger_3,0,0,0,0,0,0,0,0,0,0,15,angry,Anger_3,15,Neutral,0.5
Anger_3,0,0,0,0,0,0,0,0,0,0,16,angry,Anger_3,16,Neutral,0.5
Anger_3,0,0,0,0,0,0,0,0,0,0,17,angry,Anger_3,17,Neutral,0.5
Anger_3,0,0,0,0,0,0,0,0,0,0,18,angry,Anger_3,18,Neutral,0.5
Anger_3,0,0,0,0,0,0,0,0,0,0,19,angry,Anger_3,19,Neutral,0.5
Anger_3,0,0,0,0,0,0,0,0,0,0,20,angry,Anger_3,20,Neutral,0.5
Anger_3,0,0,0,0,0,0,0,0,0,0,21,angry,Anger_3,21,Neutral,0.5
Anger_3,0,0,0,0,0,0,0,0,0,0,22,angry,Anger_3,22,Neutral,0.5
Anger_3,0,0,0,0,0,0,0,0,0,0,23,angry,Anger_3,23,Neutral,0.5
Anger_3,0,0,0,0,0,0,0,0,0,0,24,angry,Anger_3,24,Neutral,0.5
Anger_3,0,0,0,0,0,0,0,0,0,0,25,angry,Anger_3,25,Neutral,0.5
Anger_3,0,0,0,0,0,0,0,0,0,0,26,angry,Anger_3,26,Neutral,0.5
Anger_3,0,0,0,0,0,0,0,0,0,0,27,angry,Anger_3,27,Neutral,0.5
Anger_3,0,0,0,0,0,0,0,0,0,0,28,angry,Anger_3,28,Neutral,0.5
Anger_3,0,0,0,0,0,0,0,0,0,0,29,angry,Anger_3,29,Neutral,0.5
Anger_3,0,0,0,0,0,0,0,0,0,0,30,angry,Anger_3,30,Neutral,0.5
Anger_3,0,0,0,0,0,0,0,0,0,0,31,angry,Anger_3,31,Neutral,0.5
Anger_3,0,0,0,0,0,0,0,0,0,0,32,angry,Anger_3,32,Neutral,0.5
Anger_3,0,0,0,0,0,0,0,0,0,0,33,angry,Anger_3,33,Neutral,0.5
Anger_3,0,0,0,0,0,0,0,0,0,0,34,angry,Anger_3,34,Neutral,0.5
Anger_3,0,0,0,0,0,0,0,0,0,0,35,angry,Anger_3,35,Anger,0
Anger_3,0,0,0,0,0,0,0,0,0,0,36,angry,Anger_3,36,Neutral,0.5
Anger_3,0,0,0,0,0,0,0,0,0,0,37,angry,Anger_3,37,Neutral,0.5
Anger_3,0,0,0,0,0,0,0,0,0,0,38,angry,Anger_3,38,Neutral,0.5
Anger_3,0,0,0,0,0,0,0,0,0,0,39,angry,Anger_3,39,Neutral,0.5
Anger_3,0,0,0,0,0,0,0,0,0,0,40,angry,Anger_3,40,Neutral,0.5
Anger_3,0,0,0,0,0,0,0,0,0,0,41,angry,Anger_3,41,Neutral,0.5
Anger_3,0,0,0,0,0,0,0,0,0,0,42,angry,Anger_3,42,Anger,0
Anger_3,0,0,0,0,0,0,0,0,0,0,43,angry,Anger_3,43,Neutral,0.5
Anger_3,0,0,0,0,0,0,0,0,0,0,44,angry,Anger_3,44,Neutral,0.5
Anger_3,0,0,0,0,0,0,0,0,0,0,45,angry,Anger_3,45,Neutral,0.5
Anger_3,0,0,0,0,0,0,0,0,0,0,46,angry,Anger_3,46,Neutral,0.5
Anger_3,0,0,0,0,0,0,0,0,0,0,47,angry,Anger_3,47,Neutral,0.5
Anger_3,0,0,0,0,0,0,0,0,0,0,48,angry,Anger_3,48,Neutral,0.5
Anger_3,0,0,0,0,0,0,0,0,0,0,49,angry,Anger_3,49,Neutral,0.5
Anger_3,0,0,0,0,0,0,0,0,0,0,50,angry,Anger_3,50,Neutral,0.5
Anger_3,0,0,0,0,0,0,0,0,0,0,51,angry,Anger_3,51,Neutral,0.5
Anger_3,0,0,0,0,0,0,0,0,0,0,52,angry,Anger_3,52,Neutral,0.5
Anger_3,0,0,0,0,0,0,0,0,0,0,53,angry,Anger_3,53,Anger,0
Anger_3,0,0,0,0,0,0,0,0,0,0,54,angry,Anger_3,54,Anger,0
Anger_3,0,0,0,0,0,0,0,0,0,0,55,angry,Anger_3,55,Neutral,0.5
Anger_3,0,0,0,0,0,0,0,0,0,0,56,angry,Anger_3,56,Neutral,0.5
Anger_3,0,0,0,0,0,0,0,0,0,0,57,angry,Anger_3,57,Neutral,0.5
Anger_3,0,0,0,0,0,0,0,0,0,0,58,angry,Anger_3,58,Neutral,0.5
Anger_3,0,0,0,0,0,0,0,0,0,0,59,angry,Anger_3,59,Anger,0
Anger_3,0.16,female,0.001,0.002,0,0,0.16,0.834,0.001,0.002,60,angry,Anger_3,60,Anger,0
Anger_3,0,0,0,0,0,0,0,0,0,0,61,angry,Anger_3,61,Neutral,0.5
Anger_3,0,0,0,0,0,0,0,0,0,0,62,angry,Anger_3,62,Anger,0
Anger_3,0,0,0,0,0,0,0,0,0,0,63,angry,Anger_3,63,Anger,0
Anger_3,0,0,0,0,0,0,0,0,0,0,64,angry,Anger_3,64,Anger,0
Anger_3,0,0,0,0,0,0,0,0,0,0,65,angry,Anger_3,65,Anger,0
annoy_6,0,0,0,0,0,0,0,0,0,0,1,angry,annoy_6,1,Neutral,0.5
annoy_6,0,0,0,0,0,0,0,0,0,0,2,angry,annoy_6,2,Neutral,0.5
annoy_6,0,male,0,0,0,0,0,0.997,0.002,0.001,3,angry,annoy_6,3,Neutral,0.5
annoy_6,0,0,0,0,0,0,0,0,0,0,4,angry,annoy_6,4,Angry,0
annoy_6,0,male,0.005,0,0.01,0,0,0.963,0.021,0.001,5,angry,annoy_6,5,Angry,0
annoy_6,0.002,male,0.013,0.001,0.014,0,0.002,0.916,0.054,0,6,angry,annoy_6,6,Angry,0
annoy_6,0,male,0.003,0,0.001,0,0,0.986,0.009,0,7,angry,annoy_6,7,Neutral,0.5
annoy_6,0,0,0,0,0,0,0,0,0,0,8,angry,annoy_6,8,Angry,0
annoy_6,0,male,0.009,0,0.002,0,0,0.974,0.007,0.007,9,angry,annoy_6,9,Angry,0
annoy_6,0,0,0,0,0,0,0,0,0,0,10,angry,annoy_6,10,Neutral,0.5
annoy_6,0,0,0,0,0,0,0,0,0,0,11,angry,annoy_6,11,Angry,0
annoy_6,0.021,male,0.19,0.001,0.157,0,0.021,0.605,0.023,0.002,12,angry,annoy_6,12,Angry,0
annoy_6,0,male,0.005,0,0.001,0,0,0.983,0.007,0.003,13,angry,annoy_6,13,Angry,0
annoy_6,0.017,male,0.053,0.001,0.007,0,0.017,0.907,0.005,0.01,14,angry,annoy_6,14,Angry,0
annoy_6,0,male,0.162,0,0.001,0.001,0,0.027,0,0.809,15,angry,annoy_6,15,Angry,0
annoy_6,0,0,0,0,0,0,0,0,0,0,16,angry,annoy_6,16,Neutral,0.5
annoy_6,0.081,male,0.01,0.001,0.012,0,0.081,0.854,0.041,0.001,17,angry,annoy_6,17,Angry,0
annoy_6,0.001,male,0.025,0.001,0.038,0,0.001,0.752,0.178,0.006,18,angry,annoy_6,18,Angry,0
annoy_6,0.002,male,0.001,0.001,0,0,0.002,0.96,0.035,0,19,angry,annoy_6,19,Angry,0
annoy_6,0.005,male,0.753,0.006,0.016,0.004,0.005,0.191,0.024,0.002,20,angry,annoy_6,20,Angry,0
annoy_6,0.004,male,0.01,0.002,0.006,0.006,0.004,0.895,0.059,0.017,21,angry,annoy_6,21,Neutral,0.5
annoy_6,0,male,0.014,0,0.001,0.001,0,0.752,0.003,0.228,22,angry,annoy_6,22,Angry,0
annoy_6,0,male,0.042,0.001,0.005,0,0,0.926,0.011,0.013,23,angry,annoy_6,23,Angry,0
annoy_6,0.005,male,0.001,0,0,0.002,0.005,0.864,0.017,0.111,24,angry,annoy_6,24,Angry,0
annoy_6,0.021,male,0.141,0.001,0.01,0.209,0.021,0.34,0.13,0.149,25,angry,annoy_6,25,Angry,0
annoy_6,0.654,male,0.18,0.001,0.039,0,0.654,0.087,0.04,0,26,angry,annoy_6,26,Angry,0
annoy_6,0.133,male,0.4,0.005,0.021,0.002,0.133,0.415,0.024,0.001,27,angry,annoy_6,27,Angry,0
annoy_6,0.04,male,0.012,0.004,0.006,0.001,0.04,0.925,0.008,0.005,28,angry,annoy_6,28,Angry,0
annoy_6,0,male,0.006,0,0.001,0,0,0.982,0.009,0.001,29,angry,annoy_6,29,Angry,0
annoy_6,0.032,male,0,0.001,0,0,0.032,0.934,0.032,0,30,angry,annoy_6,30,Angry,0
annoy_6,0,male,0.002,0.002,0.001,0.002,0,0.748,0.243,0.002,31,angry,annoy_6,31,Angry,0
annoy_6,0.001,male,0.001,0,0,0.001,0.001,0.272,0.005,0.72,32,angry,annoy_6,32,Angry,0
annoy_6,0,0,0,0,0,0,0,0,0,0,33,angry,annoy_6,33,Angry,0
annoy_6,0.022,male,0.325,0.001,0.005,0.003,0.022,0.603,0.034,0.007,34,angry,annoy_6,34,Angry,0
annoy_6,0,0,0,0,0,0,0,0,0,0,35,angry,annoy_6,35,Angry,0
annoy_6,0,male,0,0,0,0,0,0.922,0,0.077,36,angry,annoy_6,36,Angry,0
annoy_6,0.062,male,0.753,0.001,0.044,0,0.062,0.135,0.002,0.001,37,angry,annoy_6,37,Angry,0
annoy_6,0.003,male,0.003,0.001,0,0,0.003,0.984,0.002,0.006,38,angry,annoy_6,38,Neutral,0.5
annoy_6,0.331,male,0,0,0,0,0.331,0.623,0.03,0.014,39,angry,annoy_6,39,Angry,0
annoy_6,0,male,0.011,0,0,0,0,0.043,0,0.946,40,angry,annoy_6,40,Angry,0
annoy_6,0.001,male,0.011,0.001,0.016,0.159,0.001,0.06,0.076,0.676,41,angry,annoy_6,41,Angry,0
annoy_6,0.873,male,0.008,0.001,0.004,0.001,0.873,0.098,0.013,0.001,42,angry,annoy_6,42,Angry,0
annoy_6,0.001,male,0.008,0.018,0.204,0.015,0.001,0.296,0.456,0.003,43,angry,annoy_6,43,Angry,0
annoy_6,0.452,male,0.035,0.002,0.012,0.009,0.452,0.427,0.053,0.01,44,angry,annoy_6,44,Angry,0
annoy_6,0.014,male,0,0,0,0,0.014,0.968,0.009,0.008,45,angry,annoy_6,45,Angry,0
annoy_6,0.793,male,0.028,0,0.002,0.004,0.793,0.051,0.048,0.074,46,angry,annoy_6,46,Angry,0
annoy_6,0,0,0,0,0,0,0,0,0,0,47,angry,annoy_6,47,Angry,0
annoy_1,0.007,male,0.002,0.002,0,0,0.007,0.864,0.125,0,1,angry,annoy_1,1,Neutral,0.5
annoy_1,0.597,male,0,0,0,0.001,0.597,0.377,0.007,0.018,2,angry,annoy_1,2,Neutral,0.5
annoy_1,0.007,male,0,0.001,0,0,0.007,0.905,0.083,0.003,3,angry,annoy_1,3,Neutral,0.5
annoy_1,0,male,0,0,0,0,0,0.548,0.452,0,4,angry,annoy_1,4,Neutral,0.5
annoy_1,0,female,0.001,0,0,0.005,0,0.098,0.004,0.892,5,angry,annoy_1,5,Neutral,0.5
annoy_1,0,male,0,0,0,0,0,0.439,0.561,0,6,angry,annoy_1,6,Neutral,0.5
annoy_1,0,male,0.001,0,0,0,0,0.242,0,0.757,7,angry,annoy_1,7,Neutral,0.5
annoy_1,0.187,female,0,0,0,0.079,0.187,0.004,0.569,0.161,8,angry,annoy_1,8,Neutral,0.5
annoy_1,0.954,male,0,0,0,0,0.954,0.021,0.001,0.023,9,angry,annoy_1,9,Neutral,0.5
annoy_1,0.947,female,0,0,0,0,0.947,0.032,0.002,0.018,10,angry,annoy_1,10,Angry,0
annoy_1,0.022,female,0.29,0,0.089,0.003,0.022,0.105,0.488,0.002,11,angry,annoy_1,11,Angry,0
annoy_1,0,male,0.257,0.019,0.54,0,0,0.139,0.045,0,12,angry,annoy_1,12,Angry,0
annoy_1,0,male,0,0,0,0,0,0.501,0.497,0.001,13,angry,annoy_1,13,Neutral,0.5
annoy_1,0.004,female,0.015,0,0.002,0.165,0.004,0.155,0.037,0.621,14,angry,annoy_1,14,Neutral,0.5
annoy_1,0.004,male,0.002,0.001,0,0.001,0.004,0.869,0.122,0.001,15,angry,annoy_1,15,Neutral,0.5
annoy_1,0.008,male,0.001,0.003,0,0.001,0.008,0.966,0.02,0.001,16,angry,annoy_1,16,Neutral,0.5
annoy_1,0,male,0,0,0,0.001,0,0.935,0.012,0.052,17,angry,annoy_1,17,Neutral,0.5
annoy_1,0.002,male,0,0,0.001,0.002,0.002,0.514,0.473,0.008,18,angry,annoy_1,18,Neutral,0.5
annoy_1,0.004,male,0,0,0.001,0,0.004,0.516,0.477,0.002,19,angry,annoy_1,19,Angry,0
annoy_1,0,male,0,0,0,0,0,0.542,0.458,0,20,angry,annoy_1,20,Angry,0
annoy_1,0,male,0.011,0,0.001,0.001,0,0.584,0.4,0.002,21,angry,annoy_1,21,Angry,0
annoy_1,0.007,male,0.048,0.006,0.196,0.002,0.007,0.404,0.33,0.008,22,angry,annoy_1,22,Angry,0
annoy_1,0,male,0,0,0,0,0,0.529,0.471,0,23,angry,annoy_1,23,Angry,0
annoy_1,0.001,female,0.005,0,0.002,0.01,0.001,0.614,0.283,0.085,24,angry,annoy_1,24,Angry,0
annoy_1,0.03,female,0.001,0,0.001,0.008,0.03,0.024,0.862,0.074,25,angry,annoy_1,25,Angry,0
annoy_1,0.005,female,0.001,0.001,0.001,0.009,0.005,0.63,0.067,0.286,26,angry,annoy_1,26,Angry,0
annoy_1,0.007,female,0.01,0.001,0.005,0.037,0.007,0.156,0.178,0.608,27,angry,annoy_1,27,Angry,0
annoy_1,0,female,0.001,0.001,0.097,0.291,0,0.011,0.568,0.031,28,angry,annoy_1,28,Angry,0
annoy_1,0,female,0,0,0.002,0.556,0,0.001,0.014,0.426,29,angry,annoy_1,29,Angry,0
annoy_1,0,female,0,0,0,0,0,0.919,0.08,0.001,30,angry,annoy_1,30,Neutral,0.5
annoy_1,0.001,male,0,0,0,0,0.001,0.989,0.01,0.001,31,angry,annoy_1,31,Neutral,0.5
annoy_1,0.001,female,0.055,0,0.002,0.004,0.001,0.31,0.006,0.621,32,angry,annoy_1,32,Neutral,0.5
annoy_1,0,female,0,0,0,0.001,0,0.008,0,0.989,33,angry,annoy_1,33,Neutral,0.5
annoy_1,0.001,female,0,0,0,0,0.001,0.98,0.007,0.011,34,angry,annoy_1,34,Neutral,0.5
annoy_1,0,male,0,0,0,0,0,0.99,0.009,0,35,angry,annoy_1,35,Neutral,0.5
annoy_1,0.003,male,0,0,0,0.001,0.003,0.601,0.013,0.382,36,angry,annoy_1,36,Angry,0
annoy_1,0,male,0,0,0,0,0,0.42,0.579,0,37,angry,annoy_1,37,Neutral,0.5
annoy_1,0,male,0.007,0,0,0,0,0.011,0,0.982,38,angry,annoy_1,38,Neutral,0.5
annoy_1,0,male,0,0,0.001,0.191,0,0.14,0.319,0.349,39,angry,annoy_1,39,Angry,0
annoy_1,0.001,male,0.003,0.057,0.021,0.393,0.001,0.068,0.319,0.138,40,angry,annoy_1,40,Angry,0
annoy_1,0,female,0,0,0,0,0,0.877,0.123,0,41,angry,annoy_1,41,Neutral,0.5
annoy_1,0,male,0,0,0,0,0,0.355,0.645,0,42,angry,annoy_1,42,Neutral,0.5
annoy_1,0.018,female,0.003,0,0.005,0,0.018,0.265,0.707,0,43,angry,annoy_1,43,Neutral,0.5
annoy_1,0.008,male,0,0.001,0.001,0.001,0.008,0.348,0.639,0.001,44,angry,annoy_1,44,Neutral,0.5
annoy_1,0,0,0,0,0,0,0,0,0,0,45,angry,annoy_1,45,Neutral,0.5
annoy_1,0,male,0,0,0,0,0,0.753,0.246,0,46,angry,annoy_1,46,Neutral,0.5
annoy_1,0.002,male,0,0,0,0,0.002,0.541,0.457,0,47,angry,annoy_1,47,Neutral,0.5
annoy_1,0,male,0,0,0,0,0,0.422,0.577,0,48,angry,annoy_1,48,Neutral,0.5
annoy_1,0,male,0.001,0.001,0.001,0,0,0.614,0.382,0.001,49,angry,annoy_1,49,Neutral,0.5
annoy_1,0,male,0,0,0,0,0,0.631,0.367,0,50,angry,annoy_1,50,Neutral,0.5
annoy_1,0.001,male,0,0,0,0,0.001,0.003,0,0.996,51,angry,annoy_1,51,Neutral,0.5
annoy_1,0.002,male,0,0,0,0,0.002,0.898,0.059,0.041,52,angry,annoy_1,52,Neutral,0.5
annoy_1,0.001,female,0.001,0.002,0.001,0,0.001,0.558,0.436,0,53,angry,annoy_1,53,Angry,0
annoy_1,0,0,0,0,0,0,0,0,0,0,54,angry,annoy_1,54,Neutral,0.5
annoy_1,0,0,0,0,0,0,0,0,0,0,55,angry,annoy_1,55,Neutral,0.5
annoy_1,0,female,0.005,0,0,0.002,0,0.019,0.898,0.076,56,angry,annoy_1,56,Angry,0
annoy_1,0,0,0,0,0,0,0,0,0,0,57,angry,annoy_1,57,Neutral,0.5
annoy_1,0,male,0,0.011,0,0,0,0.1,0.889,0,58,angry,annoy_1,58,Neutral,0.5
annoy_1,0,male,0,0,0,0,0,0.039,0.961,0,59,angry,annoy_1,59,Neutral,0.5
annoy_1,0,male,0,0,0,0,0,0.389,0.611,0,60,angry,annoy_1,60,Neutral,0.5
annoy_1,0.001,male,0,0,0,0,0.001,0.674,0.324,0,61,angry,annoy_1,61,Neutral,0.5
annoy_1,0,male,0,0,0,0,0,0.745,0.255,0,62,angry,annoy_1,62,Angry,0
annoy_1,0,male,0,0,0,0,0,0.501,0.499,0,63,angry,annoy_1,63,Neutral,0.5
annoy_1,0,male,0.001,0.03,0,0,0,0.459,0.51,0,64,angry,annoy_1,64,Neutral,0.5
annoy_1,0,male,0,0,0,0,0,0.794,0.206,0,65,angry,annoy_1,65,Neutral,0.5
annoy_1,0,female,0,0,0,0,0,0.884,0.116,0,66,angry,annoy_1,66,Neutral,0.5
annoy_1,0.109,female,0,0,0,0,0.109,0.878,0.012,0.001,67,angry,annoy_1,67,Neutral,0.5
annoy_1,0,male,0,0,0,0.001,0,0.959,0.02,0.02,68,angry,annoy_1,68,Neutral,0.5
annoy_1,0.001,male,0,0,0,0.004,0.001,0.797,0.045,0.152,69,angry,annoy_1,69,Neutral,0.5
annoy_1,0,female,0,0,0,0,0,0.924,0.076,0,70,angry,annoy_1,70,Happy,1
annoy_1,0.996,female,0,0,0,0,0.996,0,0.003,0,71,angry,annoy_1,71,Happy,1
annoy_1,0,female,0,0,0,0,0,0.962,0.038,0,72,angry,annoy_1,72,Neutral,0.5
annoy_1,0,0,0,0,0,0,0,0,0,0,73,angry,annoy_1,73,Neutral,0.5
annoy_1,0,0,0,0,0,0,0,0,0,0,74,angry,annoy_1,74,Neutral,0.5
annoy_1,0,0,0,0,0,0,0,0,0,0,75,angry,annoy_1,75,Neutral,0.5
annoy_1,0,0,0,0,0,0,0,0,0,0,76,angry,annoy_1,76,Neutral,0.5
annoy_1,0.846,female,0,0.003,0,0,0.846,0.152,0,0,77,angry,annoy_1,77,Neutral,0.5
annoy_1,0,0,0,0,0,0,0,0,0,0,78,angry,annoy_1,78,Neutral,0.5
annoy_1,0,0,0,0,0,0,0,0,0,0,79,angry,annoy_1,79,Neutral,0.5
annoy_1,0,0,0,0,0,0,0,0,0,0,80,angry,annoy_1,80,Neutral,0.5
annoy_1,0,0,0,0,0,0,0,0,0,0,81,angry,annoy_1,81,Neutral,0.5
annoy_1,0,0,0,0,0,0,0,0,0,0,82,angry,annoy_1,82,Neutral,0.5
annoy_1,0,male,0,0.009,0,0,0,0.89,0.101,0,83,angry,annoy_1,83,Neutral,0.5
annoy_1,0,female,0.001,0.004,0,0,0,0.88,0.115,0,84,angry,annoy_1,84,Neutral,0.5
annoy_1,0,female,0,0,0,0,0,0.816,0.182,0,85,angry,annoy_1,85,Sad,0
annoy_1,0.001,female,0.005,0.007,0.001,0.001,0.001,0.633,0.351,0.001,86,angry,annoy_1,86,Sad,0
annoy_1,0.332,male,0.001,0,0.002,0.001,0.332,0.025,0.637,0.001,87,angry,annoy_1,87,Angry,0
annoy_1,0,0,0,0,0,0,0,0,0,0,88,angry,annoy_1,88,Angry,0
annoy_1,0,0,0,0,0,0,0,0,0,0,89,angry,annoy_1,89,Angry,0
annoy_1,0.001,male,0,0.003,0,0,0.001,0.978,0.018,0,90,angry,annoy_1,90,Angry,0
annoy_1,0,male,0,0,0,0,0,0.308,0.692,0,91,angry,annoy_1,91,Angry,0
annoy_1,0.027,male,0,0.18,0,0,0.027,0.766,0.026,0,92,angry,annoy_1,92,Neutral,0.5
annoy_1,0,female,0,0,0,0.001,0,0.959,0.037,0.003,93,angry,annoy_1,93,Neutral,0.5
annoy_1,0,male,0,0,0,0,0,0.995,0.003,0.002,94,angry,annoy_1,94,Neutral,0.5
annoy_1,0.005,male,0,0,0,0,0.005,0.689,0.302,0.002,95,angry,annoy_1,95,Angry,0
annoy_1,0.024,male,0,0,0,0.005,0.024,0,0.968,0.002,96,angry,annoy_1,96,Angry,0
annoy_1,0,male,0,0.001,0.004,0,0,0.216,0.778,0,97,angry,annoy_1,97,Angry,0
annoy_1,0.037,female,0,0,0,0,0.037,0.026,0.936,0,98,angry,annoy_1,98,Angry,0
annoy_1,0.52,female,0.001,0.046,0.002,0,0.52,0.371,0.059,0,99,angry,annoy_1,99,Angry,0
annoy_1,0.009,female,0.005,0.001,0.003,0.008,0.009,0.728,0.012,0.235,100,angry,annoy_1,100,Angry,0
annoy_1,0.002,female,0.002,0,0.002,0.016,0.002,0.353,0.165,0.461,101,angry,annoy_1,101,Angry,0
annoy_1,0,female,0,0,0,0.003,0,0.848,0.019,0.129,102,angry,annoy_1,102,Neutral,0.5
annoy_1,0,male,0,0,0,0,0,0.886,0.114,0,103,angry,annoy_1,103,Neutral,0.5
annoy_1,0.016,male,0,0.002,0,0,0.016,0.927,0.055,0,104,angry,annoy_1,104,Angry,0
annoy_1,0.069,male,0,0,0,0,0.069,0.896,0.034,0,105,angry,annoy_1,105,Angry,0
annoy_1,0,0,0,0,0,0,0,0,0,0,106,angry,annoy_1,106,Angry,0
annoy_1,0,0,0,0,0,0,0,0,0,0,107,angry,annoy_1,107,Angry,0
annoy_1,0,0,0,0,0,0,0,0,0,0,108,angry,annoy_1,108,Angry,0
annoy_1,0,0,0,0,0,0,0,0,0,0,109,angry,annoy_1,109,Angry,0
annoy_1,0,0,0,0,0,0,0,0,0,0,110,angry,annoy_1,110,Neutral,0.5
annoy_1,0.005,female,0,0,0,0.002,0.005,0.807,0.177,0.009,111,angry,annoy_1,111,Neutral,0.5
annoy_1,0.005,female,0.001,0,0.002,0.001,0.005,0.842,0.135,0.014,112,angry,annoy_1,112,Neutral,0.5
annoy_1,0.003,female,0,0,0,0.002,0.003,0.538,0.445,0.013,113,angry,annoy_1,113,Neutral,0.5
annoy_1,0.083,female,0,0.001,0.002,0,0.083,0.227,0.686,0,114,angry,annoy_1,114,Neutral,0.5
annoy_1,0,0,0,0,0,0,0,0,0,0,115,angry,annoy_1,115,Neutral,0.5
annoy_1,0,0,0,0,0,0,0,0,0,0,116,angry,annoy_1,116,Neutral,0.5
annoy_1,0.03,male,0.001,0,0,0,0.03,0.96,0.01,0,117,angry,annoy_1,117,Neutral,0.5
annoy_1,0.007,male,0,0,0,0,0.007,0.966,0.027,0,118,angry,annoy_1,118,Neutral,0.5
annoy_1,0.005,female,0,0,0,0,0.005,0.987,0.006,0.002,119,angry,annoy_1,119,Neutral,0.5
annoy_1,0,0,0,0,0,0,0,0,0,0,120,angry,annoy_1,120,Neutral,0.5
annoy_1,0.008,female,0,0,0,0,0.008,0.982,0.001,0.009,121,angry,annoy_1,121,Neutral,0.5
annoy_1,0.034,female,0.001,0.001,0.001,0.003,0.034,0.879,0.022,0.058,122,angry,annoy_1,122,Neutral,0.5
annoy_1,0.002,female,0.001,0,0,0.001,0.002,0.898,0.006,0.092,123,angry,annoy_1,123,Neutral,0.5
annoy_1,0.001,female,0,0,0,0,0.001,0.837,0.162,0,124,angry,annoy_1,124,Neutral,0.5
annoy_1,0,male,0,0,0,0,0,0.908,0.091,0,125,angry,annoy_1,125,Neutral,0.5
annoy_1,0,male,0,0.001,0,0,0,0.771,0.227,0,126,angry,annoy_1,126,Neutral,0.5
annoy_1,0.001,female,0.003,0,0.001,0.004,0.001,0.681,0.061,0.249,127,angry,annoy_1,127,Angry,0
annoy_1,0.012,male,0.212,0.001,0.007,0.027,0.012,0.376,0.021,0.345,128,angry,annoy_1,128,Angry,0
annoy_1,0.001,male,0,0,0,0,0.001,0.763,0.233,0.003,129,angry,annoy_1,129,Neutral,0.5
annoy_1,0,male,0,0,0,0.001,0,0.327,0.006,0.666,130,angry,annoy_1,130,Neutral,0.5
annoy_1,0.001,male,0,0,0,0,0.001,0.994,0.005,0,131,angry,annoy_1,131,Neutral,0.5
annoy_1,0.002,male,0.001,0,0,0.001,0.002,0.735,0.045,0.217,132,angry,annoy_1,132,Neutral,0.5
annoy_1,0.002,male,0.006,0.001,0.001,0.002,0.002,0.837,0.008,0.143,133,angry,annoy_1,133,Neutral,0.5
annoy_1,0.001,female,0,0,0,0,0.001,0.997,0.002,0,134,angry,annoy_1,134,Neutral,0.5
annoy_1,0.01,female,0.001,0,0.001,0.004,0.01,0.406,0.122,0.456,135,angry,annoy_1,135,Neutral,0.5
annoy_1,0,male,0.013,0,0,0,0,0,0,0.986,136,angry,annoy_1,136,Neutral,0.5
annoy_1,0,male,0,0,0,0,0,0.992,0.008,0,137,angry,annoy_1,137,Neutral,0.5
annoy_1,0.098,female,0,0,0,0.001,0.098,0.771,0.083,0.048,138,angry,annoy_1,138,Neutral,0.5
annoy_1,0,female,0,0,0,0,0,0.01,0,0.99,139,angry,annoy_1,139,Neutral,0.5
annoy_1,1,female,0,0,0,0,1,0,0,0,140,angry,annoy_1,140,Happy,1
annoy_1,0.18,female,0.032,0,0.009,0.029,0.18,0.149,0.278,0.322,141,angry,annoy_1,141,Neutral,0.5
annoy_1,0,male,0.001,0,0,0,0,0.043,0.955,0,142,angry,annoy_1,142,Angry,0
annoy_1,0,male,0.005,0.001,0.002,0.003,0,0.174,0.812,0.002,143,angry,annoy_1,143,Neutral,0.5
annoy_1,0.001,male,0.029,0.001,0.002,0.003,0.001,0.598,0.363,0.004,144,angry,annoy_1,144,Angry,0
annoy_1,0,male,0.001,0,0.001,0.021,0,0.056,0.901,0.022,145,angry,annoy_1,145,Angry,0
annoy_1,0.005,male,0.001,0.002,0,0.003,0.005,0.738,0.008,0.243,146,angry,annoy_1,146,Angry,0
annoy_1,0.003,female,0,0.001,0,0.001,0.003,0.794,0.008,0.192,147,angry,annoy_1,147,Angry,0
annoy_3,0,0,0,0,0,0,0,0,0,0,1,angry,annoy_3,1,Neutral,0.5
annoy_3,0.001,male,0,0.001,0,0,0.001,0.992,0.005,0,2,angry,annoy_3,2,Neutral,0.5
annoy_3,0.111,male,0,0.001,0,0.001,0.111,0.861,0.005,0.02,3,angry,annoy_3,3,Neutral,0.5
annoy_3,0.002,female,0.071,0,0.002,0.001,0.002,0.695,0,0.23,4,angry,annoy_3,4,Neutral,0.5
annoy_3,0.484,female,0.001,0.003,0.001,0.005,0.484,0.471,0.009,0.026,5,angry,annoy_3,5,Neutral,0.5
annoy_3,0.11,female,0.001,0.001,0.001,0.005,0.11,0.268,0.003,0.611,6,angry,annoy_3,6,Neutral,0.5
annoy_3,0,0,0,0,0,0,0,0,0,0,7,angry,annoy_3,7,Neutral,0.5
annoy_3,0,female,0,0.003,0,0.001,0,0.811,0,0.184,8,angry,annoy_3,8,Neutral,0.5
annoy_3,0.008,female,0.105,0.001,0.006,0,0.008,0.774,0.001,0.106,9,angry,annoy_3,9,Neutral,0.5
annoy_3,0,0,0,0,0,0,0,0,0,0,10,angry,annoy_3,10,Neutral,0.5
annoy_3,0.006,female,0,0.001,0.001,0.026,0.006,0.106,0.001,0.858,11,angry,annoy_3,11,Neutral,0.5
annoy_3,0,0,0,0,0,0,0,0,0,0,12,angry,annoy_3,12,Neutral,0.5
annoy_3,0,0,0,0,0,0,0,0,0,0,13,angry,annoy_3,13,Neutral,0.5
annoy_3,0.003,male,0,0.001,0.001,0.001,0.003,0.021,0,0.974,14,angry,annoy_3,14,Neutral,0.5
annoy_3,0,0,0,0,0,0,0,0,0,0,15,angry,annoy_3,15,Neutral,0.5
annoy_3,0,0,0,0,0,0,0,0,0,0,16,angry,annoy_3,16,Neutral,0.5
annoy_3,0,0,0,0,0,0,0,0,0,0,17,angry,annoy_3,17,Neutral,0.5
annoy_3,0,0,0,0,0,0,0,0,0,0,18,angry,annoy_3,18,Neutral,0.5
annoy_3,0,0,0,0,0,0,0,0,0,0,19,angry,annoy_3,19,Neutral,0.5
annoy_3,0,0,0,0,0,0,0,0,0,0,20,angry,annoy_3,20,Neutral,0.5
annoy_3,0,0,0,0,0,0,0,0,0,0,21,angry,annoy_3,21,Neutral,0.5
annoy_3,0,0,0,0,0,0,0,0,0,0,22,angry,annoy_3,22,Neutral,0.5
annoy_3,0,0,0,0,0,0,0,0,0,0,23,angry,annoy_3,23,Neutral,0.5
annoy_3,0,0,0,0,0,0,0,0,0,0,24,angry,annoy_3,24,Neutral,0.5
annoy_3,0,0,0,0,0,0,0,0,0,0,25,angry,annoy_3,25,Angry,0
annoy_3,0,0,0,0,0,0,0,0,0,0,26,angry,annoy_3,26,Angry,0
annoy_3,0,0,0,0,0,0,0,0,0,0,27,angry,annoy_3,27,Angry,0
annoy_3,0,0,0,0,0,0,0,0,0,0,28,angry,annoy_3,28,Neutral,0.5
annoy_3,0,0,0,0,0,0,0,0,0,0,29,angry,annoy_3,29,Neutral,0.5
annoy_3,0,0,0,0,0,0,0,0,0,0,30,angry,annoy_3,30,Neutral,0.5
annoy_3,0,0,0,0,0,0,0,0,0,0,31,angry,annoy_3,31,Neutral,0.5
annoy_3,0,0,0,0,0,0,0,0,0,0,32,angry,annoy_3,32,Neutral,0.5
annoy_3,0,female,0,0,0,0,0,0.995,0.005,0,33,angry,annoy_3,33,Neutral,0.5
annoy_3,0,female,0,0,0,0,0,0.999,0.001,0,34,angry,annoy_3,34,Neutral,0.5
annoy_3,0,female,0,0,0,0,0,0.938,0.001,0.061,35,angry,annoy_3,35,Neutral,0.5
annoy_3,0,0,0,0,0,0,0,0,0,0,36,angry,annoy_3,36,Angry,0
annoy_3,0,0,0,0,0,0,0,0,0,0,37,angry,annoy_3,37,Angry,0
annoy_3,0,0,0,0,0,0,0,0,0,0,38,angry,annoy_3,38,Angry,0
annoy_3,0,0,0,0,0,0,0,0,0,0,39,angry,annoy_3,39,Angry,0
annoy_3,0,0,0,0,0,0,0,0,0,0,40,angry,annoy_3,40,Angry,0
annoy_3,0,0,0,0,0,0,0,0,0,0,41,angry,annoy_3,41,Angry,0
annoy_3,0,0,0,0,0,0,0,0,0,0,42,angry,annoy_3,42,Angry,0
annoy_3,0,0,0,0,0,0,0,0,0,0,43,angry,annoy_3,43,Angry,0
annoy_3,0,0,0,0,0,0,0,0,0,0,44,angry,annoy_3,44,Neutral,0.5
annoy_3,0,0,0,0,0,0,0,0,0,0,45,angry,annoy_3,45,Neutral,0.5
annoy_3,0,0,0,0,0,0,0,0,0,0,46,angry,annoy_3,46,Neutral,0.5
annoy_3,0,0,0,0,0,0,0,0,0,0,47,angry,annoy_3,47,Neutral,0.5
annoy_3,0,0,0,0,0,0,0,0,0,0,48,angry,annoy_3,48,Neutral,0.5
annoy_3,0,0,0,0,0,0,0,0,0,0,49,angry,annoy_3,49,Neutral,0.5
annoy_3,0,0,0,0,0,0,0,0,0,0,50,angry,annoy_3,50,Neutral,0.5
annoy_3,0,0,0,0,0,0,0,0,0,0,51,angry,annoy_3,51,Angry,0
annoy_3,0,0,0,0,0,0,0,0,0,0,52,angry,annoy_3,52,Angry,0
annoy_3,0,0,0,0,0,0,0,0,0,0,53,angry,annoy_3,53,Angry,0
annoy_3,0,0,0,0,0,0,0,0,0,0,54,angry,annoy_3,54,Angry,0
annoy_3,0,0,0,0,0,0,0,0,0,0,55,angry,annoy_3,55,Angry,0
annoy_3,0,0,0,0,0,0,0,0,0,0,56,angry,annoy_3,56,Angry,0
annoy_3,0,0,0,0,0,0,0,0,0,0,57,angry,annoy_3,57,Neutral,0.5
annoy_3,0,0,0,0,0,0,0,0,0,0,58,angry,annoy_3,58,Neutral,0.5
annoy_3,0.002,male,0,0,0,0,0.002,0.972,0.005,0.021,59,angry,annoy_3,59,Neutral,0.5
annoy_3,0,0,0,0,0,0,0,0,0,0,60,angry,annoy_3,60,Neutral,0.5
annoy_3,0,0,0,0,0,0,0,0,0,0,61,angry,annoy_3,61,Neutral,0.5
annoy_3,0,0,0,0,0,0,0,0,0,0,62,angry,annoy_3,62,Neutral,0.5
annoy_3,0,0,0,0,0,0,0,0,0,0,63,angry,annoy_3,63,Neutral,0.5
annoy_3,0,0,0,0,0,0,0,0,0,0,64,angry,annoy_3,64,Angry,0
annoy_3,0,0,0,0,0,0,0,0,0,0,65,angry,annoy_3,65,Angry,0
annoy_3,0,0,0,0,0,0,0,0,0,0,66,angry,annoy_3,66,Angry,0
annoy_3,0,0,0,0,0,0,0,0,0,0,67,angry,annoy_3,67,Angry,0
annoy_3,0,0,0,0,0,0,0,0,0,0,68,angry,annoy_3,68,Angry,0
annoy_3,0,0,0,0,0,0,0,0,0,0,69,angry,annoy_3,69,Angry,0
annoy_3,0,0,0,0,0,0,0,0,0,0,70,angry,annoy_3,70,Neutral,0.5
annoy_3,0,0,0,0,0,0,0,0,0,0,71,angry,annoy_3,71,Neutral,0.5
annoy_3,0,0,0,0,0,0,0,0,0,0,72,angry,annoy_3,72,Neutral,0.5
annoy_3,0,0,0,0,0,0,0,0,0,0,73,angry,annoy_3,73,Neutral,0.5
annoy_3,0,0,0,0,0,0,0,0,0,0,74,angry,annoy_3,74,Neutral,0.5
annoy_3,0,0,0,0,0,0,0,0,0,0,75,angry,annoy_3,75,Neutral,0.5
annoy_3,0,0,0,0,0,0,0,0,0,0,76,angry,annoy_3,76,Neutral,0.5
annoy_3,0,0,0,0,0,0,0,0,0,0,77,angry,annoy_3,77,Neutral,0.5
annoy_3,0,0,0,0,0,0,0,0,0,0,78,angry,annoy_3,78,Neutral,0.5
annoy_3,0,0,0,0,0,0,0,0,0,0,79,angry,annoy_3,79,Neutral,0.5
annoy_3,0,0,0,0,0,0,0,0,0,0,80,angry,annoy_3,80,Neutral,0.5
annoy_3,0,0,0,0,0,0,0,0,0,0,81,angry,annoy_3,81,Neutral,0.5
annoy_3,0,0,0,0,0,0,0,0,0,0,82,angry,annoy_3,82,Neutral,0.5
annoy_3,0,0,0,0,0,0,0,0,0,0,83,angry,annoy_3,83,Neutral,0.5
annoy_3,0,0,0,0,0,0,0,0,0,0,84,angry,annoy_3,84,Angry,0
annoy_3,0,0,0,0,0,0,0,0,0,0,85,angry,annoy_3,85,Angry,0
annoy_3,0,0,0,0,0,0,0,0,0,0,86,angry,annoy_3,86,Angry,0
annoy_3,0,0,0,0,0,0,0,0,0,0,87,angry,annoy_3,87,Angry,0
annoy_3,0,0,0,0,0,0,0,0,0,0,88,angry,annoy_3,88,Angry,0
annoy_3,0,0,0,0,0,0,0,0,0,0,89,angry,annoy_3,89,Angry,0
annoy_3,0.225,female,0.004,0,0.001,0,0.225,0.726,0.043,0.001,90,angry,annoy_3,90,Angry,0
annoy_3,0,0,0,0,0,0,0,0,0,0,91,angry,annoy_3,91,Neutral,0.5
annoy_3,0,0,0,0,0,0,0,0,0,0,92,angry,annoy_3,92,Neutral,0.5
annoy_3,0,female,0,0,0,0,0,0.319,0,0.68,93,angry,annoy_3,93,Neutral,0.5
annoy_3,0,female,0,0.001,0,0,0,0.951,0,0.047,94,angry,annoy_3,94,Neutral,0.5
annoy_3,0.004,male,0,0.001,0,0,0.004,0.991,0.001,0.003,95,angry,annoy_3,95,Neutral,0.5
annoy_3,0.398,female,0,0.004,0,0,0.398,0.596,0.002,0,96,angry,annoy_3,96,Neutral,0.5
annoy_3,0.047,female,0,0,0,0,0.047,0.104,0.001,0.848,97,angry,annoy_3,97,Neutral,0.5
annoy_3,0,female,0,0,0,0,0,0.998,0.001,0,98,angry,annoy_3,98,Neutral,0.5
annoy_3,0,male,0,0,0,0,0,0.995,0.005,0,99,angry,annoy_3,99,Neutral,0.5
annoy_3,0,female,0,0,0,0,0,1,0,0,100,angry,annoy_3,100,Neutral,0.5
annoy_3,0,male,0,0,0,0,0,0.994,0.006,0,101,angry,annoy_3,101,Angry,0
annoy_3,0.129,female,0.035,0,0.001,0,0.129,0.001,0,0.834,102,angry,annoy_3,102,Angry,0
annoy_3,0.111,female,0.171,0.001,0.023,0.016,0.111,0.036,0.062,0.581,103,angry,annoy_3,103,Angry,0
annoy_3,0,0,0,0,0,0,0,0,0,0,104,angry,annoy_3,104,Angry,0
annoy_3,0,0,0,0,0,0,0,0,0,0,105,angry,annoy_3,105,Angry,0
annoy_3,0,0,0,0,0,0,0,0,0,0,106,angry,annoy_3,106,Angry,0
annoy_3,0.13,male,0.008,0.002,0.033,0.005,0.13,0.124,0.013,0.685,107,angry,annoy_3,107,Neutral,0.5
annoy_3,0,0,0,0,0,0,0,0,0,0,108,angry,annoy_3,108,Neutral,0.5
annoy_3,0,0,0,0,0,0,0,0,0,0,109,angry,annoy_3,109,Neutral,0.5
annoy_3,0,0,0,0,0,0,0,0,0,0,110,angry,annoy_3,110,Neutral,0.5
annoy_3,0,0,0,0,0,0,0,0,0,0,111,angry,annoy_3,111,Angry,0
annoy_3,0,0,0,0,0,0,0,0,0,0,112,angry,annoy_3,112,Angry,0
annoy_3,0,0,0,0,0,0,0,0,0,0,113,angry,annoy_3,113,Angry,0
annoy_3,0,0,0,0,0,0,0,0,0,0,114,angry,annoy_3,114,Angry,0
annoy_3,0,0,0,0,0,0,0,0,0,0,115,angry,annoy_3,115,Angry,0
annoy_3,0,0,0,0,0,0,0,0,0,0,116,angry,annoy_3,116,Angry,0
annoy_3,0,0,0,0,0,0,0,0,0,0,117,angry,annoy_3,117,Angry,0
annoy_3,0,0,0,0,0,0,0,0,0,0,118,angry,annoy_3,118,Angry,0
annoy_3,0,0,0,0,0,0,0,0,0,0,119,angry,annoy_3,119,Angry,0
annoy_3,0,0,0,0,0,0,0,0,0,0,120,angry,annoy_3,120,Angry,0
annoy_3,0,0,0,0,0,0,0,0,0,0,121,angry,annoy_3,121,Angry,0
annoy_3,0,0,0,0,0,0,0,0,0,0,122,angry,annoy_3,122,Neutral,0.5
annoy_3,0,0,0,0,0,0,0,0,0,0,123,angry,annoy_3,123,Neutral,0.5
annoy_3,0.037,male,0,0,0,0,0.037,0.957,0.006,0,124,angry,annoy_3,124,Neutral,0.5
annoy_3,0,0,0,0,0,0,0,0,0,0,125,angry,annoy_3,125,Neutral,0.5
annoy_3,0,0,0,0,0,0,0,0,0,0,126,angry,annoy_3,126,Neutral,0.5
annoy_3,0,0,0,0,0,0,0,0,0,0,127,angry,annoy_3,127,Neutral,0.5
annoy_3,0.006,male,0,0,0,0,0.006,0.985,0.009,0,128,angry,annoy_3,128,Neutral,0.5
annoy_3,0.03,male,0,0,0,0,0.03,0.958,0.011,0,129,angry,annoy_3,129,Neutral,0.5
annoy_3,0,0,0,0,0,0,0,0,0,0,130,angry,annoy_3,130,Angry,0
annoy_3,0,0,0,0,0,0,0,0,0,0,131,angry,annoy_3,131,Neutral,0.5
annoy_3,0,0,0,0,0,0,0,0,0,0,132,angry,annoy_3,132,Angry,0
annoy_3,0,0,0,0,0,0,0,0,0,0,133,angry,annoy_3,133,Angry,0
annoy_3,0,0,0,0,0,0,0,0,0,0,134,angry,annoy_3,134,Neutral,0.5
annoy_3,0.334,female,0.017,0.038,0.116,0.014,0.334,0.236,0.006,0.239,135,angry,annoy_3,135,Neutral,0.5
annoy_3,0,female,0.002,0,0,0.001,0,0.092,0,0.905,136,angry,annoy_3,136,Neutral,0.5
annoy_3,0,0,0,0,0,0,0,0,0,0,137,angry,annoy_3,137,Neutral,0.5
annoy_3,0.025,female,0,0,0,0.001,0.025,0.001,0,0.972,138,angry,annoy_3,138,Neutral,0.5
annoy_3,0.018,female,0,0.001,0,0.002,0.018,0.539,0.002,0.437,139,angry,annoy_3,139,Neutral,0.5
annoy_3,0.244,female,0.001,0.002,0.001,0.003,0.244,0.544,0.001,0.204,140,angry,annoy_3,140,Neutral,0.5
annoy_3,0,female,0,0.001,0,0,0,0.998,0,0,141,angry,annoy_3,141,Neutral,0.5
annoy_3,0.11,female,0,0,0,0.005,0.11,0,0,0.886,142,angry,annoy_3,142,Neutral,0.5
annoy_3,0.021,female,0,0,0,0,0.021,0.002,0,0.976,143,angry,annoy_3,143,Neutral,0.5
annoy_3,0,female,0.021,0.003,0.001,0.001,0,0.354,0,0.62,144,angry,annoy_3,144,Neutral,0.5
annoy_3,0.003,female,0,0.005,0,0.002,0.003,0.009,0,0.98,145,angry,annoy_3,145,Neutral,0.5
annoy_3,0.007,female,0.001,0.003,0,0,0.007,0.988,0.001,0.001,146,angry,annoy_3,146,Neutral,0.5
annoy_3,0.928,female,0,0.002,0,0,0.928,0.065,0.005,0,147,angry,annoy_3,147,Neutral,0.5
annoy_3,0,0,0,0,0,0,0,0,0,0,148,angry,annoy_3,148,Neutral,0.5
annoy_3,0.358,female,0,0,0,0,0.358,0.015,0.002,0.624,149,angry,annoy_3,149,Angry,0
annoy_3,0,0,0,0,0,0,0,0,0,0,150,angry,annoy_3,150,Angry,0
annoy_3,0,female,0.536,0,0,0.003,0,0,0,0.46,151,angry,annoy_3,151,Angry,0
annoy_3,0,0,0,0,0,0,0,0,0,0,152,angry,annoy_3,152,Angry,0
annoy_3,0.079,female,0.206,0,0.003,0.059,0.079,0.009,0.001,0.644,153,angry,annoy_3,153,Angry,0
annoy_3,0,0,0,0,0,0,0,0,0,0,154,angry,annoy_3,154,Angry,0
annoy_3,0,0,0,0,0,0,0,0,0,0,155,angry,annoy_3,155,Neutral,0.5
annoy_3,0.831,female,0,0,0,0,0.831,0.123,0,0.045,156,angry,annoy_3,156,Neutral,0.5
annoy_3,0,0,0,0,0,0,0,0,0,0,157,angry,annoy_3,157,Neutral,0.5
annoy_3,0,female,0,0,0,0,0,0.999,0,0.001,158,angry,annoy_3,158,Neutral,0.5
annoy_3,0.022,female,0,0.002,0,0.002,0.022,0.945,0.021,0.007,159,angry,annoy_3,159,Neutral,0.5
annoy_3,0,0,0,0,0,0,0,0,0,0,160,angry,annoy_3,160,Neutral,0.5
annoy_3,0,0,0,0,0,0,0,0,0,0,161,angry,annoy_3,161,Neutral,0.5
annoy_3,0,0,0,0,0,0,0,0,0,0,162,angry,annoy_3,162,Angry,0
annoy_3,0,0,0,0,0,0,0,0,0,0,163,angry,annoy_3,163,Angry,0
joy_2,1,female,0,0,0,0,1,0,0,0,1,happy,joy_2,1,Happy,1
joy_2,1,female,0,0,0,0,1,0,0,0,2,happy,joy_2,2,Happy,1
joy_2,1,female,0,0,0,0,1,0,0,0,3,happy,joy_2,3,Happy,1
joy_2,1,female,0,0,0,0,1,0,0,0,4,happy,joy_2,4,Neutral,0.5
joy_2,0,0,0,0,0,0,0,0,0,0,5,happy,joy_2,5,Neutral,0.5
joy_2,0,0,0,0,0,0,0,0,0,0,6,happy,joy_2,6,Happy,1
joy_2,0,0,0,0,0,0,0,0,0,0,7,happy,joy_2,7,Happy,1
joy_2,0,0,0,0,0,0,0,0,0,0,8,happy,joy_2,8,Neutral,0.5
joy_2,0,0,0,0,0,0,0,0,0,0,9,happy,joy_2,9,Neutral,0.5
joy_2,0,0,0,0,0,0,0,0,0,0,10,happy,joy_2,10,Happy,1
joy_2,0,0,0,0,0,0,0,0,0,0,11,happy,joy_2,11,Happy,1
joy_2,0.993,female,0,0,0,0,0.993,0,0.007,0,12,happy,joy_2,12,Happy,1
joy_5,0,0,0,0,0,0,0,0,0,0,1,happy,joy_5,1,Neutral,0.5
joy_5,0,0,0,0,0,0,0,0,0,0,2,happy,joy_5,2,Happy,1
joy_5,0,0,0,0,0,0,0,0,0,0,3,happy,joy_5,3,Happy,1
joy_5,0,0,0,0,0,0,0,0,0,0,4,happy,joy_5,4,Happy,1
joy_5,0,0,0,0,0,0,0,0,0,0,5,happy,joy_5,5,Happy,1
joy_5,0,0,0,0,0,0,0,0,0,0,6,happy,joy_5,6,Happy,1
joy_5,0,0,0,0,0,0,0,0,0,0,7,happy,joy_5,7,Happy,1
joy_5,0,0,0,0,0,0,0,0,0,0,8,happy,joy_5,8,Happy,1
joy_5,0,0,0,0,0,0,0,0,0,0,9,happy,joy_5,9,Happy,1
joy_5,0,0,0,0,0,0,0,0,0,0,10,happy,joy_5,10,Happy,1
joy_5,0,0,0,0,0,0,0,0,0,0,11,happy,joy_5,11,Happy,1
joy_5,0,0,0,0,0,0,0,0,0,0,12,happy,joy_5,12,Neutral,0.5
joy_5,0,0,0,0,0,0,0,0,0,0,13,happy,joy_5,13,Happy,1
joy_5,0,0,0,0,0,0,0,0,0,0,14,happy,joy_5,14,Happy,1
joy_5,0,0,0,0,0,0,0,0,0,0,15,happy,joy_5,15,Happy,1
joy_5,0,0,0,0,0,0,0,0,0,0,16,happy,joy_5,16,Happy,1
joy_5,0,0,0,0,0,0,0,0,0,0,17,happy,joy_5,17,Neutral,0.5
joy_5,0,0,0,0,0,0,0,0,0,0,18,happy,joy_5,18,Neutral,0.5
joy_5,0,0,0,0,0,0,0,0,0,0,19,happy,joy_5,19,Happy,1
joy_5,0,0,0,0,0,0,0,0,0,0,20,happy,joy_5,20,Happy,1
joy_5,0,0,0,0,0,0,0,0,0,0,21,happy,joy_5,21,Happy,1
joy_5,0,0,0,0,0,0,0,0,0,0,22,happy,joy_5,22,Happy,1
joy_5,0,0,0,0,0,0,0,0,0,0,23,happy,joy_5,23,Happy,1
joy_5,0,0,0,0,0,0,0,0,0,0,24,happy,joy_5,24,Happy,1
joy_5,0.001,female,0.001,0,0,0,0.001,0.995,0.004,0,25,happy,joy_5,25,Happy,1
joy_5,0,female,0,0,0,0.001,0,0.877,0.003,0.118,26,happy,joy_5,26,Neutral,0.5
joy_5,0,female,0.001,0,0,0.001,0,0.648,0,0.35,27,happy,joy_5,27,Neutral,0.5
joy_5,0,0,0,0,0,0,0,0,0,0,28,happy,joy_5,28,Happy,1
joy_5,0,0,0,0,0,0,0,0,0,0,29,happy,joy_5,29,Happy,1
joy_5,0,0,0,0,0,0,0,0,0,0,30,happy,joy_5,30,Happy,1
joy_5,0,0,0,0,0,0,0,0,0,0,31,happy,joy_5,31,Happy,1
joy_5,0.982,female,0.001,0,0,0,0.982,0.013,0.003,0.001,32,happy,joy_5,32,Neutral,0.5
joy_5,0.134,female,0.001,0,0,0,0.134,0.796,0.004,0.064,33,happy,joy_5,33,Happy,1
joy_5,0.96,female,0,0,0,0,0.96,0.001,0,0.039,34,happy,joy_5,34,Happy,1
joy_5,0.124,female,0.002,0.001,0.003,0.004,0.124,0.243,0.01,0.613,35,happy,joy_5,35,Happy,1
joy_5,0.798,female,0,0,0,0,0.798,0.015,0.001,0.185,36,happy,joy_5,36,Happy,1
joy_5,0.193,female,0,0,0,0,0.193,0.806,0.001,0,37,happy,joy_5,37,Neutral,0.5
joy_5,0.758,female,0.001,0,0,0,0.758,0.221,0.019,0,38,happy,joy_5,38,Neutral,0.5
joy_5,0.157,female,0.004,0,0.003,0.06,0.157,0.291,0.211,0.273,39,happy,joy_5,39,Neutral,0.5
joy_5,0.003,female,0.006,0.002,0.002,0.017,0.003,0.68,0.002,0.289,40,happy,joy_5,40,Happy,1
joy_5,0.995,female,0.002,0,0.001,0,0.995,0.001,0.002,0,41,happy,joy_5,41,Happy,1
joy_5,0.996,female,0.002,0,0.001,0,0.996,0.001,0,0,42,happy,joy_5,42,Happy,1
joy_5,0.891,female,0.087,0.001,0.003,0,0.891,0.016,0.001,0.001,43,happy,joy_5,43,Happy,1
joy_5,0.007,female,0.007,0,0,0,0.007,0.972,0.002,0.011,44,happy,joy_5,44,Neutral,0.5
joy_5,0.003,female,0.011,0,0.003,0.009,0.003,0.784,0.022,0.169,45,happy,joy_5,45,Neutral,0.5
joy_5,0,female,0,0,0,0.001,0,0.724,0.001,0.274,46,happy,joy_5,46,Neutral,0.5
joy_5,0.001,female,0,0,0,0.001,0.001,0.986,0,0.012,47,happy,joy_5,47,Happy,1
joy_5,0.102,female,0.001,0.001,0,0,0.102,0.816,0.079,0,48,happy,joy_5,48,Happy,1
joy_7,0.885,female,0,0,0,0,0.885,0,0,0.115,1,happy,joy_7,1,Happy,1
joy_7,0.998,female,0,0,0,0,0.998,0,0,0.002,2,happy,joy_7,2,Happy,1
joy_7,0.998,female,0,0,0,0,0.998,0,0,0.002,3,happy,joy_7,3,Happy,1
joy_7,1,female,0,0,0,0,1,0,0,0,4,happy,joy_7,4,Happy,1
joy_7,1,female,0,0,0,0,1,0,0,0,5,happy,joy_7,5,Happy,1
joy_7,1,female,0,0,0,0,1,0,0,0,6,happy,joy_7,6,Happy,1
joy_7,0.997,female,0,0,0,0,0.997,0,0,0.003,7,happy,joy_7,7,Happy,1
joy_7,1,female,0,0,0,0,1,0,0,0,8,happy,joy_7,8,Happy,1